Jurisdiction,Office,Candidate Name,Affiliation,Financial Agent Name,Source Page,Result,Elected,Result Source,Notes
100 Mile House,Councillor,Donna Barnett,,Donna Barnett,1,,,,
100 Mile House,Councillor,Erin Filtness,,Erin Filtness,1,,,,
100 Mile House,Councillor,Aaron Fulber,,Aaron Fulber,1,,,,
100 Mile House,Councillor,Ryan Hindmarsh,,Ryan Hindmarsh,1,,,,
100 Mile House,Councillor,Ralf Holzapfel,,Ralf Holzapfel,1,,,,
100 Mile House,Councillor,Dave Mingo,,Dave Mingo,1,,,,
100 Mile House,Councillor,Marty Norgren,,Marty Norgren,1,,,,
100 Mile House,Councillor,Norm Knutsen,,Norm Knutsen,1,,,,
100 Mile House,Councillor,Darren Wilkinson,,Darren Wilkinson,1,,,,
100 Mile House,Councillor,Dave Wishnowski,,Dave Wishnowski,1,,,,
100 Mile House,Mayor,David Jurek,,David Jurek,1,,,,
100 Mile House,Mayor,Maureen Pinkney,,Maureen Pinkney,1,,,,
Abbotsford,Councillor,Les Barkman,,Les Barkman,1,,,,
Abbotsford,Councillor,Matthew Cavacece,,Matthew Cavacece,1,,,,
Abbotsford,Councillor,Patricia Driessen,Abbotsford Voice,Aagje Cluff,1,,,,
Abbotsford,Councillor,Carmen Fast Hollett,Abbotsford Voice,Aagje Cluff,2,,,,
Abbotsford,Councillor,Rupi Kanda-Rajwan,,Jennifer Sunderland,2,,,,
Abbotsford,Councillor,Jeremy Klix,,Jeremy Klix,2,,,,
Abbotsford,Councillor,Joel Madsen,,Joel Madsen,2,,,,
Abbotsford,Councillor,Kristy Mills,Abbotsford Voice,Aagje Cluff,2,,,,
Abbotsford,Councillor,Amrik Narang,,Karamjit Toor,2,,,,
Abbotsford,Councillor,Preet S. Rai,,Preet S. Rai,2,,,,
Abbotsford,Councillor,Patricia Ross,,Christine Eden,2,,,,
Abbotsford,Councillor,Dave Sidhu,,Markus Delves,2,,,,
Abbotsford,Councillor,Jag Sidhu,,Jeeven Dhillon,2,,,,
Abbotsford,Councillor,Rick Thiessen,,Rick Thiessen,2,,,,
Abbotsford,Councillor,Thomas Votik,,Thomas Votik,2,,,,
Abbotsford,Councillor,Mark Warkentin,,Mark Warkentin,2,,,,
Abbotsford,Councillor,Skully White,,Vincent Child,2,,,,
Abbotsford,Councillor,Shirley Wilson,,John Panktratz,2,,,,
Abbotsford,Councillor,Doris Woodman-McMillan,,Donald Fairholm,2,,,,
Abbotsford,Mayor,David Pellikaan,,David Pellikaan,2,,,,
Abbotsford,Mayor,Ross Siemens,,Marion Keys,2,,,,
Abbotsford School District,Board of Education Trustee,Peggy Antifaeff,,Peggy Antifaeff,3,,,,
Abbotsford School District,Board of Education Trustee,Tanya Coghill,,Tanya Coghill,3,,,,
Abbotsford School District,Board of Education Trustee,Chad Cowie,,Chad Cowie,3,,,,
Abbotsford School District,Board of Education Trustee,Graeme Hutchison,,Graeme Hutchison,3,,,,
Abbotsford School District,Board of Education Trustee,Arsh Kaler,,Rajan Buttar,3,,,,
Abbotsford School District,Board of Education Trustee,Freddy Latham,,Freddy Latham,3,,,,
Abbotsford School District,Board of Education Trustee,Benjamin Mehrer,,Cindy Birch,3,,,,
Abbotsford School District,Board of Education Trustee,Eric Nyvall,Abbotsford Conservatives,Eric Nyvall,3,,,,
Abbotsford School District,Board of Education Trustee,Tejvir Pandher,,Amanpreet Grewal,3,,,,
Abbotsford School District,Board of Education Trustee,Raj Patara,,Raj Patara,3,,,,
Abbotsford School District,Board of Education Trustee,Rhonda Pauls,,Christine Rempel,3,,,,
Abbotsford School District,Board of Education Trustee,Shannon Rose,,Shannon Rose,3,,,,
Abbotsford School District,Board of Education Trustee,Rajwinder Sandhu,,Rajwinder Sandhu,3,,,,
Abbotsford School District,Board of Education Trustee,Amandeep Singh,,Amandeep Singh,3,,,,
Abbotsford School District,Board of Education Trustee,Earl Storey,Abbotsford Conservatives,Earl Storey,3,,,,
Abbotsford School District,Board of Education Trustee,Vinay Waraich,,Sahijdeep Waraich,3,,,,
Abbotsford School District,Board of Education Trustee,Pamela Yee,,Pamela Yee,3,,,,
Alberni-Clayoquot Regional District,Electoral Area Director,Alan Anderson,,Alan Anderson,3,,,,
Alberni-Clayoquot Regional District,Electoral Area Director,Angus Barter,,Angus Barter,4,,,,
Alberni-Clayoquot Regional District,Electoral Area Director,Fred Boyko,,Fred Boyko,4,,,,
Alberni-Clayoquot Regional District,Electoral Area Director,Doug Fleming,,Doug Fleming,4,,,,
Alberni-Clayoquot Regional District,Electoral Area Director,Rob Frolic,,Rob Frolic,4,,,,
Alberni-Clayoquot Regional District,Electoral Area Director,Doug Herd,,Doug Herd,4,,,,
Alberni-Clayoquot Regional District,Electoral Area Director,Michael Lesosky,,Michael Lesosky,4,,,,
Alberni-Clayoquot Regional District,Electoral Area Director,Colin McLeman,,Colin McLeman,4,,,,
Alberni-Clayoquot Regional District,Electoral Area Director,Stefan Ochman,,Stefan Ochman,4,,,,
Alberni-Clayoquot Regional District,Electoral Area Director,Susan Roth,,Susan Roth,4,,,,
Alberni-Clayoquot Regional District,Electoral Area Director,Max Salamon,,Max Salamon,4,,,,
Alberni-Clayoquot Regional District,Electoral Area Director,Vaida Siga,,Vaida Siga,4,,,,
Alberni-Clayoquot Regional District,Electoral Area Director,Mike Sparrow,,Mike Sparrow,4,,,,
Alberni-Clayoquot Regional District,Electoral Area Director,Sabrina Zimmermann,,Tanya Dittkowski,4,,,,
Alert Bay,Councillor,Judy Cadrin,,Judy Cadrin,4,,,,
Alert Bay,Councillor,Casey Chapman,,Casey Chapman,4,,,,
Alert Bay,Councillor,Lisanne Granger,,Lisanne Granger,4,,,,
Alert Bay,Councillor,Sandy McGregor,,Sandy McGregor,4,,,,
Alert Bay,Councillor,Duncan Williams,,Duncan Williams,4,,,,
Alert Bay,Mayor,Emma Campbell,,Emma Campbell,5,,,,
Alert Bay,Mayor,Samuel Cook,,Samuel Cook,5,,,,
Alert Bay,Mayor,David Faren,,David Faren,5,,,,
Anmore,Councillor,Harriette Chang,,Sheryl Parton,5,,,,
Anmore,Councillor,Will Crocker,,Will Crocker,5,,,,
Anmore,Councillor,Nylah Froese,,Ryan Froese,5,,,,
Anmore,Councillor,Peter Ludeman,,Peter Ludeman,5,,,,
Anmore,Councillor,Georgia Lyons,,Georgia Lyons,5,,,,
Anmore,Councillor,Neil Lyons,,Neil Lyons,5,,,,
Anmore,Councillor,Wade Parrish,,Wade Parrish,5,,,,
Anmore,Councillor,Rod Rempel,,Sheryl Parton,5,,,,
Anmore,Councillor,Carl Schmidt,,Carl Schmidt,5,,,,
Anmore,Councillor,Kim Trowbridge,,Kim Trowbridge,5,,,,
Anmore,Councillor,Paul Weverink,,Paul Weverink,5,,,,
Anmore,Mayor,John McEwen,,John McEwen,5,,,,
Anmore,Mayor,Douglas Richardson,,Debra Beuk,5,,,,
Armstrong,Councillor,Michael Babott,,Crystal Workman,5,,,,
Armstrong,Councillor,Ray Baylis,,Melanie Baylis,5,,,,
Armstrong,Councillor,Bradly Bourgeois,,Bradly Bourgeois,6,,,,
Armstrong,Councillor,Dale Bradley,,Susan Bradley,6,,,,
Armstrong,Councillor,Paul Britton,,Paul Britton,6,,,,
Armstrong,Councillor,Mark Casson,,Mark Casson,6,,,,
Armstrong,Councillor,Steven Drapala,,Steven Drapala,6,,,,
Armstrong,Councillor,Shirley Fowler,,Shirley Fowler,6,,,,
Armstrong,Councillor,Kristy McLennan,,Kristy McLennan,6,,,,
Armstrong,Councillor,Kim Sinclair,,Kim Sinclair,6,,,,
Armstrong,Councillor,Neil Todd,,Neil Todd,6,,,,
Armstrong,Councillor,Jessie Valstar,,Jessie Valstar,6,,,,
Armstrong,Councillor,Mark Wehner,,Mark Wehner,6,,,,
Armstrong,Councillor,Andy Werner,,Andy Werner,6,,,,
Armstrong,Councillor,Lyle Williamson,,Lyle Williamson,6,,,,
Armstrong,Councillor,Stephen Zopf,,Stephen Zopf,6,,,,
Armstrong,Mayor,Garhen Avalokiteshvara,,Garhen Avalokiteshvara,6,,,,
Armstrong,Mayor,Joe Cramer,,Steve Hansma,6,,,,
Armstrong,Mayor,Chris Pieper,,Chris Pieper,6,,,,
Armstrong,Mayor,John Trainor,,John Trainor,6,,,,
Arrow Lakes School District,Board of Education Trustee,Quinn Decourcy,,Quinn Decourcy,7,,,,
Arrow Lakes School District,Board of Education Trustee,Rhonda Farrell,,Rhonda Farrell,7,,,,
Arrow Lakes School District,Board of Education Trustee,Steve Gascon,,Steve Gascon,7,,,,
Arrow Lakes School District,Board of Education Trustee,Amanda Murphy,,Amanda Murphy,7,,,,
Arrow Lakes School District,Board of Education Trustee,Becky Phillips,,Becky Phillips,7,,,,
Arrow Lakes School District,Board of Education Trustee,Danyea Simon,,Danyea Simon,7,,,,
Arrow Lakes School District,Board of Education Trustee,Frances Swan,,Frances Swan,7,,,,
Ashcroft,Councillor,Jonah Anstett,,Jonah Anstett,7,,,,
Ashcroft,Councillor,Jessica Clement,,Jessica Clement,7,,,,
Ashcroft,Councillor,Nadine Davenport,,Nadine Davenport,7,,,,
Ashcroft,Councillor,Darril Fosty,,Darril Fosty,7,,,,
Ashcroft,Councillor,Warren Wall,,Warren Wall,7,,,,
Ashcroft,Mayor,Erik Poole,,Erik Poole,7,,,,
Ashcroft,Mayor,Barbara Roden,,Barbara Roden,7,,,,
Barriere,Councillor,Judy Armstrong,,Judy Armstrong,7,,,,
Barriere,Councillor,Stephen Boylan,,Stephen Boylan,7,,,,
Barriere,Councillor,Joan Houston,,Joan Houston,7,,,,
Barriere,Councillor,Donna Kibble,,Donna Kibble,7,,,,
Barriere,Councillor,Louise Lodge,,Louise Lodge,8,,,,
Barriere,Councillor,Colin McInnis,,Colin McInnis,8,,,,
Barriere,Councillor,Brody Mosdell,,Brody Mosdell,8,,,,
Barriere,Mayor,Rob Kerslake,,Glenda Feller,8,,,,
Belcarra,Councillor,Peter Boekhout,,Peter Boekhout,8,,,,
Belcarra,Councillor,Carolina Clark,,Carolina Clark,8,,,,
Belcarra,Councillor,James Hancock,,Clive Evans,8,,,,
Belcarra,Councillor,Ross Saito,,Ross Saito,8,,,,
Belcarra,Councillor,Liisa Wilder,,Liisa Wilder,8,,,,
Belcarra,Mayor,Jamie Ross,,Sandra Rietchel,8,,,,
Boundary School District,Board of Education Trustee,Darla Ashton,,Darla Ashton,8,,,,
Boundary School District,Board of Education Trustee,Mark Danyluk,,Mark Danyluk,8,,,,
Boundary School District,Board of Education Trustee,Katie Jepsen,,Katie Jepsen,8,,,,
Boundary School District,Board of Education Trustee,Krissy Jorgenson,,Krissy Jorgenson,8,,,,
Boundary School District,Board of Education Trustee,Jaime Massey,,Jaime Massey,8,,,,
Boundary School District,Board of Education Trustee,Liddie Sorensen-Lawrence,,Liddie Sorensen-Lawrence,8,,,,
Boundary School District,Board of Education Trustee,Danielle Thielmann,,Danielle Thielmann,8,,,,
Boundary School District,Board of Education Trustee,Lauren Thomas,,Lauren Thomas,8,,,,
Boundary School District,Board of Education Trustee,James Wilson,,James Wilson,9,,,,
Boundary School District,Board of Education Trustee,Rose Zitko,,Rose Zitko,9,,,,
Bowen Island,Councillor,Constance Barnes,,Constance Barnes,9,,,,
Bowen Island,Councillor,Terry Cotter,,Terry Cotter,9,,,,
Bowen Island,Councillor,Keith Davidson,,Keith Davidson,9,,,,
Bowen Island,Councillor,Sue Ellen Fast,,Sue Ellen Fast,9,,,,
Bowen Island,Councillor,Judith Gedye,,Judith Gedye,9,,,,
Bowen Island,Councillor,Tim Hausch,,Crozier Lucas,9,,,,
Bowen Island,Councillor,Alex Jurgensen,,Alex Jurgensen,9,,,,
Bowen Island,Councillor,Alison Morse,,Alison Morse,9,,,,
Bowen Island,Councillor,Caroline Parker,,Caroline Parker,9,,,,
Bowen Island,Councillor,Patrick Reakes,,Patrick Reakes,9,,,,
Bowen Island,Mayor,Andrew Leonard,,Andrew Leonard,9,,,,
Bulkley Valley School District,Board of Education Trustee,Phil Brienesse,,Phil Brienesse,9,,,,
Bulkley Valley School District,Board of Education Trustee,Kellie-Lynn Dondale,,Kellie-Lynn Dondale,9,,,,
Bulkley Valley School District,Board of Education Trustee,Frank Farrell,,Frank Farrell,9,,,,
Bulkley Valley School District,Board of Education Trustee,Kristina Graham,,Kristina Graham,9,,,,
Bulkley Valley School District,Board of Education Trustee,Diane Mackay,,Diane Mackay,9,,,,
Bulkley Valley School District,Board of Education Trustee,Jessica Michell,,Lucille Glaim,10,,,,
Bulkley Valley School District,Board of Education Trustee,Priscilla Michell,,Priscilla Michell,10,,,,
Bulkley Valley School District,Board of Education Trustee,Sharon Redford,,Sharon Redford,10,,,,
Bulkley Valley School District,Board of Education Trustee,Casda Thomas,,Casda Thomas,10,,,,
Bulkley Valley School District,Board of Education Trustee,Jennifer Williams,,Jennifer Williams,10,,,,
Bulkley Valley School District,Board of Education Trustee,Matt Williamson,,Matt Williamson,10,,,,
Bulkley-Nechako Regional District,Electoral Area Director,Judy Greenaway,,Judy Greenaway,10,,,,
Bulkley-Nechako Regional District,Electoral Area Director,Colin Kerr,,Colin Kerr,10,,,,
Bulkley-Nechako Regional District,Electoral Area Director,Clint Lambert,,Clint Lambert,10,,,,
Bulkley-Nechako Regional District,Electoral Area Director,Shirley Moon,,Shirley Moon,10,,,,
Bulkley-Nechako Regional District,Electoral Area Director,Chris Newell,,Chris Newell,10,,,,
Bulkley-Nechako Regional District,Electoral Area Director,Mark Parker,,Mark Parker,10,,,,
Bulkley-Nechako Regional District,Electoral Area Director,Michael Riis-Christianson,,Michael Riis-Christianson,10,,,,
Bulkley-Nechako Regional District,Electoral Area Director,Mark Rogers,,Mark Rogers,10,,,,
Bulkley-Nechako Regional District,Electoral Area Director,Stoney Stoltenberg,,Stoney Stoltenberg,10,,,,
Bulkley-Nechako Regional District,Electoral Area Director,Riley Willick,,Riley Willick,10,,,,
Bulkley-Nechako Regional District,Electoral Area Director,Kyle Wilson,,Kyle Wilson,10,,,,
Bulkley-Nechako Regional District,Local Community Commissioner,Linda Cochran,,Linda Cochran,10,,,,
Bulkley-Nechako Regional District,Local Community Commissioner,Steve Cochran,,Steve Cochran,11,,,,
Bulkley-Nechako Regional District,Local Community Commissioner,Donald Webster,,Donald Webster,11,,,,
Bulkley-Nechako Regional District,Local Community Commissioner,Frederick Webster,,Frederick Webster,11,,,,
Burnaby,Councillor,Akmal Bazarov,,Akmal Bazarov,11,,,,
Burnaby,Councillor,Natalia Bember,,Natalia Bember,11,,,,
Burnaby,Councillor,Jessica Cai,Restore Burnaby,Hsiang-Chi Yeh,11,,,,
Burnaby,Councillor,Neil Chapman,Restore Burnaby,Hsiang-Chi Yeh,11,,,,
Burnaby,Councillor,Allen Chen,,Allen Chen,11,,,,
Burnaby,Councillor,Daniel Chen,Burnaby First,Jie Tu,11,,,,
Burnaby,Councillor,Daniel Cheung,Restore Burnaby,Hsiang-Chi Yeh,11,,,,
Burnaby,Councillor,Larry Chin,,Patricia Chong,11,,,,
Burnaby,Councillor,Avtar Dhinsa,NEW Burnaby,Anthony Lyons,11,,,,
Burnaby,Councillor,Rocky Dong,Restore Burnaby,Hsiang-Chi Yeh,11,,,,
Burnaby,Councillor,Ryan Erwin,BCA - Burnaby Citizens Association,Chi Fai (Chris) Wong,11,,,,
Burnaby,Councillor,Tina Fiorda,Restore Burnaby,Hsiang-Chi Yeh,11,,,,
Burnaby,Councillor,Gulam Firdos,,Gulam Firdos,11,,,,
Burnaby,Councillor,Joel Gibbs,Burnaby Green Party,Carrie McLaren,11,,,,
Burnaby,Councillor,Garnet Heidt,,Garnet Heidt,11,,,,
Burnaby,Councillor,Darren Inouye,,Darren Inouye,12,,,,
Burnaby,Councillor,Joe Keithley,BCA - Burnaby Citizens Association,Chi Fai (Chris) Wong,12,,,,
Burnaby,Councillor,Martin Kendall,Burnaby Green Party,Carrie McLaren,12,,,,
Burnaby,Councillor,Cindy Lee,BCA - Burnaby Citizens Association,Chi Fai (Chris) Wong,12,,,,
Burnaby,Councillor,Lynette Hyerin Lee,,Lynette Hyerin Lee,12,,,,
Burnaby,Councillor,Richard T. Lee,NEW Burnaby,Anthony Lyons,12,,,,
Burnaby,Councillor,Jason Martin,,Jason Martin,12,,,,
Burnaby,Councillor,Mary B Villa y Battenberg,Burnaby First,Jie Tu,12,,,,
Burnaby,Councillor,Carrie McLaren,Burnaby Green Party,Carrie McLaren,12,,,,
Burnaby,Councillor,Nash Milani,,Nash Milani,12,,,,
Burnaby,Councillor,Ragina Naidu,Restore Burnaby,Hsiang-Chi Yeh,12,,,,
Burnaby,Councillor,Morgan NicholsFigueiredo,NEW Burnaby,Anthony Lyons,12,,,,
Burnaby,Councillor,Rea Park,BCA - Burnaby Citizens Association,Chi Fai (Chris) Wong,12,,,,
Burnaby,Councillor,Janet Poon,Restore Burnaby,Hsiang-Chi Yeh,12,,,,
Burnaby,Councillor,Fiorella Ravelli,Burnaby First,Jie Tu,12,,,,
Burnaby,Councillor,Konstantine Roccas,,Konstantine Roccas,12,,,,
Burnaby,Councillor,Maita Santiago,BCA - Burnaby Citizens Association,Chi Fai (Chris) Wong,12,,,,
Burnaby,Councillor,Tara Shushtarian,Burnaby Green Party,Carrie McLaren,13,,,,
Burnaby,Councillor,Kiran Singh,BCA - Burnaby Citizens Association,Chi Fai (Chris) Wong,13,,,,
Burnaby,Councillor,Philip Stojanovski,,Philip Stojanovski,13,,,,
Burnaby,Councillor,Tom Tao,,Tom Tao,13,,,,
Burnaby,Councillor,Daniel Tetrault,BCA - Burnaby Citizens Association,Chi Fai (Chris) Wong,13,,,,
Burnaby,Councillor,Vincent Tong,,Vincent Tong,13,,,,
Burnaby,Councillor,Neha Unadkat,NEW Burnaby,Anthony Lyons,13,,,,
Burnaby,Councillor,James Wang,BCA - Burnaby Citizens Association,Chi Fai (Chris) Wong,13,,,,
Burnaby,Councillor,David Xie,NEW Burnaby,Anthony Lyons,13,,,,
Burnaby,Councillor,Sabrina Yang,NEW Burnaby,Anthony Lyons,13,,,,
Burnaby,Mayor,Sabina Hsu,,Sabina Hsu,13,,,,
Burnaby,Mayor,Mike Hurley,,Cindy Maltman,13,,,,
Burnaby,Mayor,Michael Angelo A_BC Robinhood,,Michael Angelo A_BC Robinhood,13,,,,
Burnaby,Mayor,Bill Petrovas,,Mike Vint,13,,,,
Burnaby,Mayor,Hanzhi Wang,,Hanzhi Wang,13,,,,
Burnaby,Mayor,Heymann Yip,Burnaby First,Jie Tu,13,,,,
Burnaby School District,Board of Education Trustee,Stephen Andrada,BCA - Burnaby Citizens Association,Chi Fai (Chris) Wong,13,,,,
Burnaby School District,Board of Education Trustee,Hillary Bergshoeff,BCA - Burnaby Citizens Association,Chi Fai (Chris) Wong,14,,,,
Burnaby School District,Board of Education Trustee,Bill Brassington,BCA - Burnaby Citizens Association,Chi Fai (Chris) Wong,14,,,,
Burnaby School District,Board of Education Trustee,Jen Jang,Burnaby Green Party,Carrie McLaren,14,,,,
Burnaby School District,Board of Education Trustee,Paul Kwon,BCA - Burnaby Citizens Association,Chi Fai (Chris) Wong,14,,,,
Burnaby School District,Board of Education Trustee,Jen Mezei,BCA - Burnaby Citizens Association,Chi Fai (Chris) Wong,14,,,,
Burnaby School District,Board of Education Trustee,Jasmine Nicholsfigueiredo,Burnaby Green Party,Carrie McLaren,14,,,,
Burnaby School District,Board of Education Trustee,Diane Pearce,,Diane Pearce,14,,,,
Burnaby School District,Board of Education Trustee,Kristin Schnider,BCA - Burnaby Citizens Association,Chi Fai (Chris) Wong,14,,,,
Burnaby School District,Board of Education Trustee,Benita Sun,Restore Burnaby,Hsiang-Chi Yeh,14,,,,
Burnaby School District,Board of Education Trustee,Daisy Wei,Restore Burnaby,Hsiang-Chi Yeh,14,,,,
Burnaby School District,Board of Education Trustee,John Wong,Restore Burnaby,Hsiang-Chi Yeh,14,,,,
Burnaby School District,Board of Education Trustee,Haini Xiao,NEW Burnaby,Anthony Lyons,14,,,,
Burnaby School District,Board of Education Trustee,Jenny Yamagata,,Jenny Yamagata,14,,,,
Burnaby School District,Board of Education Trustee,Angel Yeh,Restore Burnaby,Angel Yeh,14,,,,
Burnaby School District,Board of Education Trustee,Colin Zuo,BCA - Burnaby Citizens Association,Chi Fai (Chris) Wong,14,,,,
Burns Lake,Councillor,Kristy Bjarnason,,Kristy Bjarnason,14,,,,
Burns Lake,Councillor,Dolores Funk,,Dolores Funk,15,,,,
Burns Lake,Councillor,Darrell Hill,,Darrell Hill,15,,,,
Burns Lake,Councillor,Aman Soi,,Aman Soi,15,,,,
Burns Lake,Councillor,Tony Strimbold,,Tony Strimbold,15,,,,
Burns Lake,Mayor,Aron Derksen,,Aron Derksen,15,,,,
Burns Lake,Mayor,Laurel Derksen,,Laurel Derksen,15,,,,
Burns Lake,Mayor,Charlie Rensby,,Charlie Rensby,15,,,,
Burns Lake,Mayor,Karanjeet Singh,,Karanjeet Singh,15,,,,
Cache Creek,Councillor,Kelly Debert,,Kelly Debert,15,,,,
Cache Creek,Councillor,David Dubois,,David Dubois,15,,,,
Cache Creek,Councillor,Karla Hein,,Karla Hein,15,,,,
Cache Creek,Councillor,Sue Peters,,Sue Peters,15,,,,
Cache Creek,Councillor,Carmen Ranta,,Carmen Ranta,15,,,,
Cache Creek,Mayor,Wendy Coomber,,Wendy Coomber,15,,,,
Cache Creek,Mayor,Annette Pittman,,Annette Pittman,15,,,,
Cache Creek,Mayor,John Ranta,,John Ranta,15,,,,
Campbell River,Councillor,Douglas Chapman,,Douglas Chapman,15,,,,
Campbell River,Councillor,Brittany Colville,,Brittany Colville,15,,,,
Campbell River,Councillor,Shawn Decaire,,Mercedes Lewis,16,,,,
Campbell River,Councillor,Adam Howard,,Adam Howard,16,,,,
Campbell River,Councillor,Dale Hunt,,Dale Hunt,16,,,,
Campbell River,Councillor,Don Kolonsky,,Don Kolonsky,16,,,,
Campbell River,Councillor,Ben Lanyon,,Ben Lanyon,16,,,,
Campbell River,Councillor,Candice Lowery,,Candice Lowery,16,,,,
Campbell River,Councillor,Claire Moglove,,Claire Moglove,16,,,,
Campbell River,Councillor,Laird Ruehlen,,Murray Ruehlen,16,,,,
Campbell River,Councillor,Joelle Samson,,Clark Goble,16,,,,
Campbell River,Councillor,Lucas Schuller,,Gwendolyn Donaldson,16,,,,
Campbell River,Councillor,Susan Sinnott,,Susan Sinnott,16,,,,
Campbell River,Councillor,Sean Smyth,,Sean Smyth,16,,,,
Campbell River,Councillor,Ferris Stirling,,Ferris Stirling,16,,,,
Campbell River,Mayor,Kermit Dahl,,Andrea Drake,16,,,,
Campbell River,Mayor,Andy Speck,,Sara Lopez,16,,,,
Campbell River School District,Board of Education Trustee,Kat Eddy,,Kat Eddy,16,,,,
Campbell River School District,Board of Education Trustee,Craig Gillis,,Craig Gillis,16,,,,
Campbell River School District,Board of Education Trustee,Jan Gladish,,Jan Gladish,16,,,,
Campbell River School District,Board of Education Trustee,Daryl Hagen,,Daryl Hagen,17,,,,
Campbell River School District,Board of Education Trustee,Linda Spetch,,Gena Jinda,17,,,,
Campbell River School District,Board of Education Trustee,Christian Stapff,,Christian Stapff,17,,,,
Canal Flats,Councillor,Kevin Dixon,,Kevin Dixon,17,,,,
Canal Flats,Councillor,Tanner Gresiuk,,Tanner Gresiuk,17,,,,
Canal Flats,Councillor,David Kapsha,,David Kapsha,17,,,,
Canal Flats,Councillor,Anora Kobza,,Anora Kobza,17,,,,
Canal Flats,Councillor,Patricia Reed,,Patricia Reed,17,,,,
Canal Flats,Councillor,Denise Trepanier,,Denise Trepanier,17,,,,
Canal Flats,Councillor,Andrew Weitzel,,Andrew Weitzel,17,,,,
Canal Flats,Mayor,Mark Doherty,,Mark Doherty,17,,,,
Canal Flats,Mayor,Maddi Taylor,,Maddi Taylor,17,,,,
Capital Regional District,Electoral Area Director,Rob Fawcett,,Shirley Searle,17,,,,
Capital Regional District,Electoral Area Director,Jesse Jule,,Jesse Jule,17,,,,
Capital Regional District,Electoral Area Director,Jennifer Lannan,,Johnson Emekoba,17,,,,
Capital Regional District,Electoral Area Director,Brian Webster,,Brian Webster,17,,,,
Capital Regional District,Electoral Area Director,Al Wickheim,,Al Wickheim,17,,,,
Capital Regional District,Local Community Commissioner,Benjamin Corno,,Benjamin Corno,17,,,,
Capital Regional District,Local Community Commissioner,Myna Lee Johnstone,,Myna Lee Johnstone,18,,,,
Capital Regional District,Local Community Commissioner,Everest MacDonald,,Everest MacDonald,18,,,,
Capital Regional District,Local Community Commissioner,Jenny McClean,,Jenny McClean,18,,,,
Capital Regional District,Local Community Commissioner,Earl Rook,,Earl Rook,18,,,,
Capital Regional District,Local Community Commissioner,Pam Tarr,,Jonathan Cooksey,18,,,,
Cariboo Chilcotin School District,Board of Education Trustee,Nikki Berreth,,Nikki Berreth,18,,,,
Cariboo Chilcotin School District,Board of Education Trustee,Ella Brown,,Ella Brown,18,,,,
Cariboo Chilcotin School District,Board of Education Trustee,Dolores Casellato,,Dolores Casellato,18,,,,
Cariboo Chilcotin School District,Board of Education Trustee,Melissa Coates,,Melissa Coates,18,,,,
Cariboo Chilcotin School District,Board of Education Trustee,Eric De Vries,,Eric De Vries,18,,,,
Cariboo Chilcotin School District,Board of Education Trustee,Sheri Elgersma,,Sheri Elgersma,18,,,,
Cariboo Chilcotin School District,Board of Education Trustee,Mary Forbes,,Mary Forbes,18,,,,
Cariboo Chilcotin School District,Board of Education Trustee,Michael Franklin,,Michael Franklin,18,,,,
Cariboo Chilcotin School District,Board of Education Trustee,Michael Henshaw,,Michael Henshaw,18,,,,
Cariboo Chilcotin School District,Board of Education Trustee,Willow MacDonald,,Willow MacDonald,18,,,,
Cariboo Chilcotin School District,Board of Education Trustee,Jenny Philbrick,,Jenny Philbrick,18,,,,
Cariboo Chilcotin School District,Board of Education Trustee,Allan Saunders,,Allan Saunders,18,,,,
Cariboo Chilcotin School District,Board of Education Trustee,Will Shepherd,,Will Shepherd,18,,,,
Cariboo Chilcotin School District,Board of Education Trustee,Laura Zimmerman,,Laura Zimmerman,19,,,,
Cariboo Regional District,Electoral Area Director,Nicole Audet,,Nicole Audet,19,,,,
Cariboo Regional District,Electoral Area Director,Barb Bachmeier,,Barb Bachmeier,19,,,,
Cariboo Regional District,Electoral Area Director,Denice Bardua,,Nadine Guthrie,19,,,,
Cariboo Regional District,Electoral Area Director,Bonnie-Jean Bathgate,,Bonnie-Jean Bathgate,19,,,,
Cariboo Regional District,Electoral Area Director,Clinton Cave,,Clinton Cave,19,,,,
Cariboo Regional District,Electoral Area Director,Eric De Vries,,Eric De Vries,19,,,,
Cariboo Regional District,Electoral Area Director,Heloise Dixon-Warren,,Heloise Dixon-Warren,19,,,,
Cariboo Regional District,Electoral Area Director,Mary Forbes,,Mary Forbes,19,,,,
Cariboo Regional District,Electoral Area Director,Steve Forseth,,Steve Forseth,19,,,,
Cariboo Regional District,Electoral Area Director,Corey Gilmore,,Corey Gilmore,19,,,,
Cariboo Regional District,Electoral Area Director,Jim Glassford,,Wendy Falloon,19,,,,
Cariboo Regional District,Electoral Area Director,Roz Griston,,Roz Griston,19,,,,
Cariboo Regional District,Electoral Area Director,John Kellett,,John Kellett,19,,,,
Cariboo Regional District,Electoral Area Director,Maureen LeBourdais,,Maureen LeBourdais,19,,,,
Cariboo Regional District,Electoral Area Director,John Massier,,John Massier,19,,,,
Cariboo Regional District,Electoral Area Director,Bo McKinney,,Bo McKinney,19,,,,
Cariboo Regional District,Electoral Area Director,Jake McLean,,Jake McLean,20,,,,
Cariboo Regional District,Electoral Area Director,Robert Merz,,Robert Merz,20,,,,
Cariboo Regional District,Electoral Area Director,Melynda Neufeld,,Melynda Neufeld,20,,,,
Cariboo Regional District,Electoral Area Director,Tolin Pare,,Tolin Pare,20,,,,
Cariboo Regional District,Electoral Area Director,Dan Parker,,Dan Parker,20,,,,
Cariboo Regional District,Electoral Area Director,Al Richmond,,Klaus Fahrentholz,20,,,,
Cariboo Regional District,Electoral Area Director,Michele Spence,,Michele Spence,20,,,,
Cariboo Regional District,Electoral Area Director,Margo Wagner,,Margo Wagner,20,,,,
Castlegar,Councillor,Darcy Bell,,Amy Bell,20,,,,
Castlegar,Councillor,Sandy Bojechko,,Sandy Bojechko,20,,,,
Castlegar,Councillor,Chance Boruck,,Holly Clark,20,,,,
Castlegar,Councillor,Shirley Falstead,,Shirley Falstead,20,,,,
Castlegar,Councillor,Heather Fancy,,Heather Fancy,20,,,,
Castlegar,Councillor,Miguel Godau,,Miguel Godau,20,,,,
Castlegar,Councillor,Cherryl MacLeod,,Cherryl MacLeod,20,,,,
Castlegar,Councillor,Gordon Malcolm,,Gordon Malcolm,20,,,,
Castlegar,Councillor,Merrick Zemp,,Merrick Zemp,20,,,,
Castlegar,Mayor,Brian Bogle,,Brian Bogle,20,,,,
Castlegar,Mayor,Donald Pharand,,Donald Pharand,21,,,,
Castlegar,Mayor,Sue Heaton-Sherstobitoff,,Sue Heaton-Sherstobitoff,21,,,,
Central Coast Regional District,Electoral Area Director,Dan Bertrand,,Dan Bertrand,21,,,,
Central Coast Regional District,Electoral Area Director,Stephen Emery,,Stephen Emery,21,,,,
Central Coast Regional District,Electoral Area Director,Dawn Hall,,Dawn Hall,21,,,,
Central Coast Regional District,Electoral Area Director,Richard Hall,,Richard Hall,21,,,,
Central Coast Regional District,Electoral Area Director,Travis Hall,,Travis Hall,21,,,,
Central Coast Regional District,Electoral Area Director,Ryan Levesque,,Ryan Levesque,21,,,,
Central Coast Regional District,Electoral Area Director,Kelly Nestegard,,Kelly Nestegard,21,,,,
Central Coast Regional District,Electoral Area Director,Garrett Newkirk,,Garrett Newkirk,21,,,,
Central Coast Regional District,Electoral Area Director,Rita Svisdahl,,Rita Svisdahl,21,,,,
Central Coast School District,Board of Education Trustee,Crystal Anderson,,Crystal Anderson,21,,,,
Central Coast School District,Board of Education Trustee,Dan Bertrand,,Dan Bertrand,21,,,,
Central Coast School District,Board of Education Trustee,Marisa Blewett,,Marisa Blewett,21,,,,
Central Coast School District,Board of Education Trustee,Dylan Coburn,,Dylan Coburn,21,,,,
Central Coast School District,Board of Education Trustee,Christina Hoppe,,Christina Hoppe,21,,,,
Central Coast School District,Board of Education Trustee,Evangeline Xanius,,Evangeline Xanius,21,,,,
Central Kootenay Regional District,Electoral Area Director,Bart Agate,,Bart Agate,21,,,,
Central Kootenay Regional District,Electoral Area Director,Anna Bundschuh,,Anna Bundschuh,22,,,,
Central Kootenay Regional District,Electoral Area Director,Erin Fitchett,,Erin Fitchett,22,,,,
Central Kootenay Regional District,Electoral Area Director,Jae Hamilton,,Jae Hamilton,22,,,,
Central Kootenay Regional District,Electoral Area Director,Henny Hanegraaf,,Henny Hanegraaf,22,,,,
Central Kootenay Regional District,Electoral Area Director,Garry Jackman,,Lisa Jackman,22,,,,
Central Kootenay Regional District,Electoral Area Director,Tina Knooihuizen,,Tina Knooihuizen,22,,,,
Central Kootenay Regional District,Electoral Area Director,Mike Martell,,Mike Martell,22,,,,
Central Kootenay Regional District,Electoral Area Director,Thomas Newell,,Thomas Newell,22,,,,
Central Kootenay Regional District,Electoral Area Director,Will Parker,,Will Parker,22,,,,
Central Kootenay Regional District,Electoral Area Director,Kevin Shaw,,Kevin Shaw,22,,,,
Central Kootenay Regional District,Electoral Area Director,Roger Tierney,,Roger Tierney,22,,,,
Central Kootenay Regional District,Electoral Area Director,Danny Turner,,Mel Joy,22,,,,
Central Kootenay Regional District,Electoral Area Director,Kelly Vandenberghe,,Kelly Vandenberghe,22,,,,
Central Kootenay Regional District,Electoral Area Director,Aimee Watson,,Russel Precious,22,,,,
Central Kootenay Regional District,Electoral Area Director,Teresa Weatherhead,,Teresa Weatherhead,22,,,,
Central Kootenay Regional District,Electoral Area Director,Gordon Zaitsoff,,Gordon Zaitsoff,22,,,,
Central Okanagan Regional District,Electoral Area Director,Wayne Carson,,Jaimie Rohatyn,22,,,,
Central Okanagan Regional District,Electoral Area Director,Ron Dewhurst,,Ron Dewhurst,22,,,,
Central Okanagan Regional District,Electoral Area Director,Steven Gilroy,,Steven Gilroy,23,,,,
Central Okanagan Regional District,Electoral Area Director,Kevin Kraft,,Kevin Kraft,23,,,,
Central Okanagan Regional District,Electoral Area Director,Christine Leguilloux,,Christine Leguilloux,23,,,,
Central Okanagan School District,Board of Education Trustee,Joyce Brinkerhoff,,Joyce Brinkerhoff,23,,,,
Central Okanagan School District,Board of Education Trustee,Richard Gauthier,,Richard Gauthier,23,,,,
Central Okanagan School District,Board of Education Trustee,Lisa Guderyan,,Lisa Guderyan,23,,,,
Central Okanagan School District,Board of Education Trustee,Val Johnson,,Heather Wheating,23,,,,
Central Okanagan School District,Board of Education Trustee,Ethel Lariviere,,Randy Lariviere,23,,,,
Central Okanagan School District,Board of Education Trustee,Jennifer Miles,,Jennifer Miles,23,,,,
Central Okanagan School District,Board of Education Trustee,Samuel Robson,,Kyla Wright,23,,,,
Central Okanagan School District,Board of Education Trustee,Sean Sookochoff,,Sean Sookochoff,23,,,,
Central Okanagan School District,Board of Education Trustee,Jim Strachan,,Jim Strachan,23,,,,
Central Okanagan School District,Board of Education Trustee,Kasia Thesen,,Kasia Thesen,23,,,,
Central Okanagan School District,Board of Education Trustee,Wilbur Turner,,Wilbur Turner,23,,,,
Central Okanagan School District,Board of Education Trustee,Ashok Kumar Verma,,Ashok Kumar Verma,23,,,,
Central Saanich,Councillor,Rafael Fuentes,,Rafael Fuentes,23,,,,
Central Saanich,Councillor,David Lawson,Sustain OUR Central Saanich,David Lawson,23,,,,
Central Saanich,Councillor,Ben Michell,,Ben Michell,23,,,,
Central Saanich,Councillor,Sarah Riddell,,Kathryn Clinton,24,,,,
Central Saanich,Councillor,Anny Scoones,Sustain OUR Central Saanich,Anny Scoones,24,,,,
Central Saanich,Councillor,Lori Shaw,,Lori Shaw,24,,,,
Central Saanich,Councillor,Bob Thompson,,Bob Thompson,24,,,,
Central Saanich,Councillor,Susan Zedel,Sustain OUR Central Saanich,Susan Zedel,24,,,,
Central Saanich,Councillor,Kathleen Zimmerman,Sustain OUR Central Saanich,Kathleen Zimmerman,24,,,,
Central Saanich,Mayor,Zeb King,,Ed Johnson,24,,,,
Central Saanich,Mayor,Pat Bryant,,Ondine Easson,24,,,,
Chase,Councillor,Keith Anderson,,Keith Anderson,24,,,,
Chase,Councillor,Colin Connett,,Colin Connett,24,,,,
Chase,Councillor,Brock Endean,,Brock Endean,24,,,,
Chase,Councillor,Jane Herman,,Jane Herman,24,,,,
Chase,Councillor,Dan Stevens,,Dan Stevens,24,,,,
Chase,Councillor,Sandra Welton,,Sandra Welton,24,,,,
Chase,Mayor,Tristan Cavers,,Tristan Cavers,24,,,,
Chase,Mayor,David Lepsoe,,David Lepsoe,24,,,,
Chase,Mayor,Carson Trowsse,,Carson Trowsse,24,,,,
Chase,Mayor,Tanya Wilson,,Tanya Wilson,24,,,,
Chetwynd,Councillor,Mel Deck,,Mel Deck,25,,,,
Chetwynd,Councillor,Kiefer Kroeker,,Kiefer Kroeker,25,,,,
Chetwynd,Councillor,Kayla MacDonald,,Kayla MacDonald,25,,,,
Chetwynd,Councillor,Julia Nelson,,Julia Nelson,25,,,,
Chetwynd,Councillor,Brian Robinson,,Brian Robinson,25,,,,
Chetwynd,Councillor,Andrea Smith,,Andrea Smith,25,,,,
Chetwynd,Mayor,Allen Courtoreille,,Allen Courtoreille,25,,,,
Chilliwack,Councillor,Sue Attrill-Knott,,Mike Olson,25,,,,
Chilliwack,Councillor,Kevin Baarda,,Kevin Baarda,25,,,,
Chilliwack,Councillor,Danielle Beausoleil,,Ron Sturm,25,,,,
Chilliwack,Councillor,Darren Blakeborough,,Kelly-Jo Blakeborough,25,,,,
Chilliwack,Councillor,Brent Bowker,,Brent Bowker,25,,,,
Chilliwack,Councillor,Nilsana Charkhandeh,,Nilsana Charkhandeh,25,,,,
Chilliwack,Councillor,Steve Czeck,,James Layzell,25,,,,
Chilliwack,Councillor,Steve Just,,Steve Just,25,,,,
Chilliwack,Councillor,Leanna Kemp,,Candice Lamotte,25,,,,
Chilliwack,Councillor,Zeeshan Khan,,Salman Ranjha,25,,,,
Chilliwack,Councillor,Chris Kloot,,Chris Kloot,25,,,,
Chilliwack,Councillor,Trevor McDonald,,Jason Laynes,26,,,,
Chilliwack,Councillor,Daryl Moniz,,Daryl Moniz,26,,,,
Chilliwack,Councillor,Lisa Morry,,Maria Regeza Panganiban,26,,,,
Chilliwack,Councillor,Jared Mumford,,Jared Mumford,26,,,,
Chilliwack,Councillor,Raylene Mumford,,Raylene Mumford,26,,,,
Chilliwack,Councillor,Ghazaleh Nozamani,,Kirsten Werning,26,,,,
Chilliwack,Councillor,Nicole Huitema Read,,Carmen Ford,26,,,,
Chilliwack,Councillor,Luke Zandberg,,Joanne Reid,26,,,,
Chilliwack,Mayor,Jason Lum,,Jason Lum,26,,,,
Chilliwack,Mayor,Gary Raddysh,,Gary Raddysh,26,,,,
Chilliwack,Mayor,Martina Rosini,Conservative,David Denhoff,26,,,,
Chilliwack,Mayor,Farooque Syed,,Farooque Syed,26,,,,
Chilliwack School District,Board of Education Trustee,Katie Bartel,,Katie Bartel,26,,,,
Chilliwack School District,Board of Education Trustee,Barbara Bednarski,,Barbara Bednarski,26,,,,
Chilliwack School District,Board of Education Trustee,Brooke Bouwsema-Cardinal,,Brooke Bouwsema-Cardinal,26,,,,
Chilliwack School District,Board of Education Trustee,Michael Carter,,Michael Carter,26,,,,
Chilliwack School District,Board of Education Trustee,Marina Garmon,,Marina Garmon,26,,,,
Chilliwack School District,Board of Education Trustee,Hugh Hamilton,,Hugh Hamilton,26,,,,
Chilliwack School District,Board of Education Trustee,Paul Henderson,,Paul Henderson,27,,,,
Chilliwack School District,Board of Education Trustee,Sadie Hesketh,,Sadie Hesketh,27,,,,
Chilliwack School District,Board of Education Trustee,Leah Kelley,,Michelle Kelley,27,,,,
Chilliwack School District,Board of Education Trustee,Christine Kruger,,Christine Kruger,27,,,,
Chilliwack School District,Board of Education Trustee,Sudakar Meganathan,,Sudakar Meganathan,27,,,,
Chilliwack School District,Board of Education Trustee,Cary Moore,,Cary Moore,27,,,,
Chilliwack School District,Board of Education Trustee,Darren Ollinger,,Darren Ollinger,27,,,,
Chilliwack School District,Board of Education Trustee,Hayden Rampton,,Hayden Rampton,27,,,,
Chilliwack School District,Board of Education Trustee,Willow Reichelt,,Willow Reichelt,27,,,,
Chilliwack School District,Board of Education Trustee,Margaret Reid,,Margaret Reid,27,,,,
Chilliwack School District,Board of Education Trustee,David Swankey,,David Swankey,27,,,,
Chilliwack School District,Board of Education Trustee,Brian Vangarderen,,Brian Vangarderen,27,,,,
Clearwater,Councillor,Abiye Amabeoku,,Abiye Amabeoku,27,,,,
Clearwater,Councillor,Theresa Braaten,,Theresa Braaten,27,,,,
Clearwater,Councillor,Brent Buck,,Tracy Buck,27,,,,
Clearwater,Councillor,Taylor Drescher,,Taylor Drescher,27,,,,
Clearwater,Councillor,Bill Haring,,Bill Haring,27,,,,
Clearwater,Councillor,Michael Krish-Penny,,Michael Krish-Penny,27,,,,
Clearwater,Councillor,Ben Louwerse,,Ben Louwerse,28,,,,
Clearwater,Councillor,Lyle Mackenzie,,Lyle Mackenzie,28,,,,
Clearwater,Councillor,Ken Matheson,,Ken Matheson,28,,,,
Clearwater,Councillor,Sylvain Menard,,Sylvain Menard,28,,,,
Clearwater,Mayor,Merlin Blackwell,,Merlin Blackwell,28,,,,
Clearwater,Mayor,Shelley Sim,,Shelley Sim,28,,,,
Clinton,Councillor,Sandi Burrage,,Sandi Burrage,28,,,,
Clinton,Councillor,Nicholas Kosovic,,Nicholas Kosovic,28,,,,
Clinton,Councillor,Jessica Lawrence,,Jessica Lawrence,28,,,,
Clinton,Councillor,Darrell Schapansky,,Darrell Schapansky,28,,,,
Clinton,Mayor,Roland Stanke,,Bonnie Stanke,28,,,,
Coast Mountains School District,Board of Education Trustee,Lakota Brown-Turcotte,,Lakota Brown-Turcotte,28,,,,
Coast Mountains School District,Board of Education Trustee,Alison Campbell,,Alison Campbell,28,,,,
Coast Mountains School District,Board of Education Trustee,Beverley Clifton Percival,,Beverley Clifton Percival,28,,,,
Coast Mountains School District,Board of Education Trustee,Andrew Czornohalan,,Andrew Czornohalan,28,,,,
Coast Mountains School District,Board of Education Trustee,Ed Harrison,,Ed Harrison,28,,,,
Coast Mountains School District,Board of Education Trustee,Bryana Jack,,Bryana Jack,28,,,,
Coast Mountains School District,Board of Education Trustee,Wayne Jones,,Wayne Jones,28,,,,
Coast Mountains School District,Board of Education Trustee,Karen Jonkman,,Karen Jonkman,29,,,,
Coast Mountains School District,Board of Education Trustee,Angie Maitland,,Angie Maitland,29,,,,
Coast Mountains School District,Board of Education Trustee,Michael Maxim,,Michael Maxim,29,,,,
Coast Mountains School District,Board of Education Trustee,Daniel McGuire,,Daniel McGuire,29,,,,
Coast Mountains School District,Board of Education Trustee,Troy Peters,,Troy Peters,29,,,,
Coast Mountains School District,Board of Education Trustee,Monica Simms,,Monica Simms,29,,,,
Coast Mountains School District,Board of Education Trustee,Margaret Warcup,,Margaret Warcup,29,,,,
Coldstream,Councillor,Doug Dirk,,Doug Dirk,29,,,,
Coldstream,Councillor,Kendall Eyford,,Kendall Eyford,29,,,,
Coldstream,Councillor,Jim Garlick,,Jim Garlick,29,,,,
Coldstream,Councillor,Stephanie Hoffman,,Stephanie Hoffman,29,,,,
Coldstream,Councillor,Edward Kendall,,Edward Kendall,29,,,,
Coldstream,Councillor,Dionne Lane,,Dionne Lane,29,,,,
Coldstream,Councillor,Jeremy Levy,,Jeremy Levy,29,,,,
Coldstream,Councillor,Scot McNair,,Scot McNair,29,,,,
Coldstream,Councillor,Christopher Moore,,Christopher Moore,29,,,,
Coldstream,Councillor,Josiah Pulst,,Josiah Pulst,29,,,,
Coldstream,Mayor,Carey Collinge,,Carey Collinge,29,,,,
Columbia Shuswap Regional District,Electoral Area Director,Melanie Beckett,,Melanie Beckett,30,,,,
Columbia Shuswap Regional District,Electoral Area Director,John Bolt,,John Bolt,30,,,,
Columbia Shuswap Regional District,Electoral Area Director,David Brooks-Hill,,David Brooks-Hill,30,,,,
Columbia Shuswap Regional District,Electoral Area Director,Karen Cathcart,,Karen Cathcart,30,,,,
Columbia Shuswap Regional District,Electoral Area Director,John E. Flynn,,John E. Flynn,30,,,,
Columbia Shuswap Regional District,Electoral Area Director,Marty Gibbons,,Marty Gibbons,30,,,,
Columbia Shuswap Regional District,Electoral Area Director,Jon Kozuska,,Jon Kozuska,30,,,,
Columbia Shuswap Regional District,Electoral Area Director,Dennis Lapierre,,Dennis Lapierre,30,,,,
Columbia Shuswap Regional District,Electoral Area Director,Rhona Martin,,Rhona Martin,30,,,,
Columbia Shuswap Regional District,Electoral Area Director,Natalya Melnychuk,,Natalya Melnychuk,30,,,,
Columbia Shuswap Regional District,Electoral Area Director,Norman Nelson,,Sandra Nelson,30,,,,
Columbia Shuswap Regional District,Electoral Area Director,Maria Otting,,Maria Otting,30,,,,
Columbia Shuswap Regional District,Electoral Area Director,Jay Simpson,,Jay Simpson,30,,,,
Columbia Shuswap Regional District,Electoral Area Director,Shawn Smith,,Shawn Smith,30,,,,
Columbia Shuswap Regional District,Electoral Area Director,Emma Sutton,,Emma Sutton,30,,,,
Colwood,Councillor,Harold Bloomenthal,,Jennifer Alberts,30,,,,
Colwood,Councillor,Terrilynn Gee,,Terrilynn Gee,30,,,,
Colwood,Councillor,David Grove,,Gwendolyn Snyder,30,,,,
Colwood,Councillor,Kim Jordison,,Kim Jordison,31,,,,
Colwood,Councillor,Deborah Law,,Deborah Law,31,,,,
Colwood,Councillor,Misty Olsen,,Misty Olsen,31,,,,
Colwood,Councillor,Jennifer Parlee,,Jennifer Parlee,31,,,,
Colwood,Councillor,Eugene Tseng,,Eugene Tseng,31,,,,
Colwood,Councillor,Ian Ward,,Ian Ward,31,,,,
Colwood,Mayor,Cynthia Day,,Trevor Apperley,31,,,,
Colwood,Mayor,Doug Kobayashi,,Jim Capron,31,,,,
Colwood,Mayor,Rob Martin,,Rob Martin,31,,,,
Comox,Councillor,Steve Blacklock,,Steve Blacklock,31,,,,
Comox,Councillor,Lisa Bourgeois,,Lisa Bourgeois,31,,,,
Comox,Councillor,Vivian Chislett,,Vivian Chislett,31,,,,
Comox,Councillor,Ken Grant,,Angus Mumby,31,,,,
Comox,Councillor,Chris Haslett,,Kimberly Haslett,31,,,,
Comox,Councillor,Jonathan Kerr,,Jonathan Kerr,31,,,,
Comox,Councillor,Neil Ladell,,Neil Ladell,31,,,,
Comox,Councillor,Jenn Meilleur,,Jenn Meilleur,31,,,,
Comox,Councillor,ruby Sidhu,,ruby Sidhu,31,,,,
Comox,Councillor,Maureen Swift,,Ray Craig,32,,,,
Comox,Councillor,Jessica Wegg,,Jessica Wegg,32,,,,
Comox,Mayor,Nicole Minions,,Nicole Minions,32,,,,
Comox Valley Regional District,Electoral Area Director,Gillian Anderson,,Gillian Anderson,32,,,,
Comox Valley Regional District,Electoral Area Director,Daniel Arbour,,Daniel Arbour,32,,,,
Comox Valley Regional District,Electoral Area Director,Ariel Becherer,,Ariel Becherer,32,,,,
Comox Valley Regional District,Electoral Area Director,Amber Champ,,Amber Champ,32,,,,
Comox Valley Regional District,Electoral Area Director,Arzeena Hamir,,Arzeena Hamir,32,,,,
Comox Valley Regional District,Electoral Area Director,Rich Hardy,,Lynn Nichol,32,,,,
Comox Valley Regional District,Electoral Area Director,Norm McPhail,,Curtis Scoville,32,,,,
Comox Valley School District,Board of Education Trustee,Shannon Aldinger,,Shannon Aldinger,32,,,,
Comox Valley School District,Board of Education Trustee,Nicole Bergot,,Nicole Bergot,32,,,,
Comox Valley School District,Board of Education Trustee,Janice Caton,,Janice Caton,32,,,,
Comox Valley School District,Board of Education Trustee,Bruce Curtis,,Bruce Curtis,32,,,,
Comox Valley School District,Board of Education Trustee,Jennifer Fisher,,Jennifer Fisher,32,,,,
Comox Valley School District,Board of Education Trustee,Chelsea McCannel-Keene,,Chelsea McCannel-Keene,32,,,,
Comox Valley School District,Board of Education Trustee,Kendall Packham,,Kendall Packham,32,,,,
Comox Valley School District,Board of Education Trustee,Nat Raedwulf Pogue,,David Macdonald,32,,,,
Comox Valley School District,Board of Education Trustee,Laurel Rankin,,Laurel Rankin,33,,,,
Comox Valley School District,Board of Education Trustee,Maria Sanchez,,Maria Sanchez,33,,,,
Comox Valley School District,Board of Education Trustee,Michelle Waite,,Michelle Waite,33,,,,
Conseil Scolaire Francophone School District,Regional Trustee,Julie Beaucage,,Julie Beaucage,33,,,,
Conseil Scolaire Francophone School District,Regional Trustee,Gaetan Desrochers,,Gaetan Desrochers,33,,,,
Conseil Scolaire Francophone School District,Regional Trustee,Dominique Dionne-Simard,,Dominique Dionne-Simard,33,,,,
Conseil Scolaire Francophone School District,Regional Trustee,Jacques Dufresne,,Jacques Dufresne,33,,,,
Conseil Scolaire Francophone School District,Regional Trustee,Bertrand Dupain,,Bertrand Dupain,33,,,,
Conseil Scolaire Francophone School District,Regional Trustee,Chantal Fadous,,Chantal Fadous,33,,,,
Conseil Scolaire Francophone School District,Regional Trustee,Gregoire Frealle,,Gregoire Frealle,33,,,,
Conseil Scolaire Francophone School District,Regional Trustee,Patrick Gatien,,Patrick Gatien,33,,,,
Conseil Scolaire Francophone School District,Regional Trustee,Robert Joncas,,Robert Joncas,33,,,,
Conseil Scolaire Francophone School District,Regional Trustee,Marie-Pierre Lavoie,,Marie-Pierre Lavoie,33,,,,
Conseil Scolaire Francophone School District,Regional Trustee,Paul Mulangu,,Paul Mulangu,33,,,,
Conseil Scolaire Francophone School District,Regional Trustee,Billy Quesnel,,Billy Quesnel,33,,,,
Conseil Scolaire Francophone School District,Regional Trustee,Sylvie St-Pierre,,Sylvie St-Pierre,33,,,,
Conseil Scolaire Francophone School District,Regional Trustee,Abdelhadi Tahir,,Abdelhadi Tahir,33,,,,
Coquitlam,Councillor,Behzad Abdi,,Behzad Abdi,34,,,,
Coquitlam,Councillor,Phillip Buchan,,Phillip Buchan,34,,,,
Coquitlam,Councillor,Tali Campbell,,Tali Campbell,34,,,,
Coquitlam,Councillor,Ali Cina,,Ali Cina,34,,,,
Coquitlam,Councillor,Matt Djonlic,,Thomas Staddon,34,,,,
Coquitlam,Councillor,Habib Jamshidian,,Habib Jamshidian,34,,,,
Coquitlam,Councillor,Kash Tayal,,Brandon Fonseca,34,,,,
Coquitlam,Councillor,Steve Kim,,Pauline Yee,34,,,,
Coquitlam,Councillor,Genevieve Kyle-Lefebvre,,Genevieve Kyle-Lefebvre,34,,,,
Coquitlam,Councillor,Robert Mazzarolo,,Robert Mazzarolo,34,,,,
Coquitlam,Councillor,Cameron Mcbryer,,Cameron Mcbryer,34,,,,
Coquitlam,Councillor,Benjamin Perry,,Benjamin Perry,34,,,,
Coquitlam,Councillor,Shereen Samimi,,Shereen Samimi,34,,,,
Coquitlam,Councillor,Matthew Sebastiani,,Michael Rybacha,34,,,,
Coquitlam,Councillor,Harvey Su,,Harvey Su,34,,,,
Coquitlam,Councillor,Jane Thomsing,,Kyle Paddon,34,,,,
Coquitlam,Councillor,Rosalinda Thorleifson,,Rosalinda Thorleifson,34,,,,
Coquitlam,Councillor,Teri Towner,,Dennis Zaragoza,34,,,,
Coquitlam,Councillor,Lili Tran,,Lili Tran,35,,,,
Coquitlam,Councillor,Harry Warren,,Laura Audette,35,,,,
Coquitlam,Mayor,Craig Hodge,,Leona Healy,35,,,,
Coquitlam,Mayor,Madhavee Inamdar,,Victor Armstrong,35,,,,
Coquitlam,Mayor,Trish Mandewo,,Sharon Perry,35,,,,
Coquitlam School District,Board of Education Trustee,Michael Baumann,,Michael Baumann,35,,,,
Coquitlam School District,Board of Education Trustee,Andrea Chambers,,Andrea Chambers,35,,,,
Coquitlam School District,Board of Education Trustee,Emily Cheadle,,Emily Cheadle,35,,,,
Coquitlam School District,Board of Education Trustee,Chuck Denison,,Joyce Buckham,35,,,,
Coquitlam School District,Board of Education Trustee,Rachel Drager,,Rachel Drager,35,,,,
Coquitlam School District,Board of Education Trustee,Dana Ebtekar,,Davood Ebtekar,35,,,,
Coquitlam School District,Board of Education Trustee,Tracy Green,,Tracy Green,35,,,,
Coquitlam School District,Board of Education Trustee,Sadie Harber,,Sadie Harber,35,,,,
Coquitlam School District,Board of Education Trustee,Candace Knoll,,Jesse Knoll,35,,,,
Coquitlam School District,Board of Education Trustee,Jatinder Manhas,,Jamie Manchester,35,,,,
Coquitlam School District,Board of Education Trustee,Jessica Morrison,,Jessica Morrison,35,,,,
Coquitlam School District,Board of Education Trustee,Kerri Palmer Isaak,,Kerri Palmer Isaak,35,,,,
Coquitlam School District,Board of Education Trustee,Christine Pollock,,Valerie Bolzan,35,,,,
Coquitlam School District,Board of Education Trustee,Shreya Qazi,,Sharat Chandra,36,,,,
Coquitlam School District,Board of Education Trustee,Julie Sherwood,,Julie Sherwood,36,,,,
Coquitlam School District,Board of Education Trustee,Michael Thomas,,Michael Thomas,36,,,,
Coquitlam School District,Board of Education Trustee,Carola Thompson,,Carola Thompson,36,,,,
Coquitlam School District,Board of Education Trustee,Natalie Wang,,Natalie Wang,36,,,,
Coquitlam School District,Board of Education Trustee,Blaire West,,Blaire West,36,,,,
Coquitlam School District,Board of Education Trustee,Craig Woods,,Craig Woods,36,,,,
Courtenay,Councillor,Phil Adams,,Phil Adams,36,,,,
Courtenay,Councillor,Vasil Beaton,,Vasil Beaton,36,,,,
Courtenay,Councillor,Rosanna Chamberlin,,Rosanna Chamberlin,36,,,,
Courtenay,Councillor,Dick Clancy,,Dick Clancy,36,,,,
Courtenay,Councillor,Will Cole-Hamilton,,Shannon Aldinger,36,,,,
Courtenay,Councillor,John Dacombe,,John Dacombe,36,,,,
Courtenay,Councillor,Erik Eriksson,,Erik Eriksson,36,,,,
Courtenay,Councillor,David Frisch,,David Frisch,36,,,,
Courtenay,Councillor,Guan-Carlo Benny Benvenuti,,Guan-Carlo Benny Benvenuti,36,,,,
Courtenay,Councillor,Evan Jolicoeur,,Evan Jolicoeur,36,,,,
Courtenay,Councillor,Jessie Lightburn,,Jan Ashcroft,36,,,,
Courtenay,Councillor,Jin Lin,,Jin Lin,37,,,,
Courtenay,Councillor,Kelly Matthews,,Kelly Matthews,37,,,,
Courtenay,Councillor,Thomas McDevitt,,Thomas McDevitt,37,,,,
Courtenay,Councillor,David Mellin,,Ben Vanderhorst,37,,,,
Courtenay,Councillor,Wendy Morin,,Wendy Morin,37,,,,
Courtenay,Councillor,Kitty Pitt,,Kitty Pitt,37,,,,
Courtenay,Councillor,Davina Singh,,Davina Singh,37,,,,
Courtenay,Councillor,Kamal Singhania,,Kamal Singhania,37,,,,
Courtenay,Councillor,Darin Tufts,,Darin Tufts,37,,,,
Courtenay,Mayor,Trish McPhail,,Trish McPhail,37,,,,
Courtenay,Mayor,Manno Theos,,Manno Theos,37,,,,
Courtenay,Mayor,Bob Wells,,Bob Wells,37,,,,
Cowichan Valley Regional District,Electoral Area Director,Hilary Abbott,,Hilary Abbott,37,,,,
Cowichan Valley Regional District,Electoral Area Director,Jerry Anderson,,Gordon Smith,37,,,,
Cowichan Valley Regional District,Electoral Area Director,Kim Barnard,,Kim Barnard,37,,,,
Cowichan Valley Regional District,Electoral Area Director,Jessica Barnett,,Jessica Barnett,37,,,,
Cowichan Valley Regional District,Electoral Area Director,Kyle Cheveldayoff,,Kyle Cheveldayoff,37,,,,
Cowichan Valley Regional District,Electoral Area Director,Bob Day,,Bob Day,37,,,,
Cowichan Valley Regional District,Electoral Area Director,Raymon Farmere,,Raymon Farmere,38,,,,
Cowichan Valley Regional District,Electoral Area Director,Clayton Frost,,Clayton Frost,38,,,,
Cowichan Valley Regional District,Electoral Area Director,Stephanie Harper,,Stephanie Harper,38,,,,
Cowichan Valley Regional District,Electoral Area Director,Sean Jonas,,Sean Jonas,38,,,,
Cowichan Valley Regional District,Electoral Area Director,Ben Maartman,,Ben Maartman,38,,,,
Cowichan Valley Regional District,Electoral Area Director,Jesse McClinton,,Jesse McClinton,38,,,,
Cowichan Valley Regional District,Electoral Area Director,Jeff Metcalfe,,Jeff Metcalfe,38,,,,
Cowichan Valley Regional District,Electoral Area Director,Ian Morrison,,Brenda Morrison,38,,,,
Cowichan Valley Regional District,Electoral Area Director,Shane Ryan,,Helen Patterson,38,,,,
Cowichan Valley Regional District,Electoral Area Director,Chris Shaw,,Chris Shaw,38,,,,
Cowichan Valley Regional District,Electoral Area Director,Andrew Snih,,Jocelyn Snih,38,,,,
Cowichan Valley Regional District,Electoral Area Director,Alan Sutherland,,Alan Sutherland,38,,,,
Cowichan Valley Regional District,Electoral Area Director,Mike Wilson,,Mike Wilson,38,,,,
Cowichan Valley School District,Board of Education Trustee,David Bellis,,David Bellis,38,,,,
Cowichan Valley School District,Board of Education Trustee,Ellisha Blackburn,,Graham Blackburn,38,,,,
Cowichan Valley School District,Board of Education Trustee,Laurie Bruce,,Laurie Bruce,38,,,,
Cowichan Valley School District,Board of Education Trustee,Faizal Charania,,Faizal Charania,38,,,,
Cowichan Valley School District,Board of Education Trustee,Elizabeth Croft,,Dale Hardy,38,,,,
Cowichan Valley School District,Board of Education Trustee,Randy Doman,,Randy Doman,39,,,,
Cowichan Valley School District,Board of Education Trustee,Erin Egeland,,Erin Egeland,39,,,,
Cowichan Valley School District,Board of Education Trustee,Jessica Hartley,,Jessica Hartley,39,,,,
Cowichan Valley School District,Board of Education Trustee,Gayle Hurmuses,,Gayle Hurmuses,39,,,,
Cowichan Valley School District,Board of Education Trustee,Steve Jones,,Steve Jones,39,,,,
Cowichan Valley School District,Board of Education Trustee,Cindy Lise,,Cindy Lise,39,,,,
Cowichan Valley School District,Board of Education Trustee,Debrah Modeste,,Irma Peter,39,,,,
Cowichan Valley School District,Board of Education Trustee,Cathy Schmidt,,Susan McInnes,39,,,,
Cowichan Valley School District,Board of Education Trustee,Eduardo Sousa,,Eduardo Sousa,39,,,,
Cowichan Valley School District,Board of Education Trustee,Carmen Sundstrom,,Carmen Sundstrom,39,,,,
Cowichan Valley School District,Board of Education Trustee,Joe Thorne,,Joe Thorne,39,,,,
Cowichan Valley School District,Board of Education Trustee,Laura Zeman,,Laura Zeman,39,,,,
Cranbrook,Councillor,Al Dyck,,Stephen Wik,39,,,,
Cranbrook,Councillor,Chris Maglio,,Chris Maglio,39,,,,
Cranbrook,Councillor,Ron Miles,,Ron Miles,39,,,,
Cranbrook,Councillor,Shaun Penner,,Pamela Penner,39,,,,
Cranbrook,Councillor,Wayne Price,,Wayne Price,39,,,,
Cranbrook,Councillor,Jeremy Youngward,,Felicity Youngward,39,,,,
Cranbrook,Mayor,Lynnette Wray,,Michael Paugh,40,,,,
Creston,Councillor,Monique Ares,,Monique Ares,40,,,,
Creston,Councillor,Keith Baldwin,,Keith Baldwin,40,,,,
Creston,Councillor,Norm Eisler,,Norm Eisler,40,,,,
Creston,Councillor,Judy Germann,,Judy Germann,40,,,,
Creston,Councillor,Carolyn Hawton,,Carolyn Hawton,40,,,,
Creston,Councillor,Sandra Heykamp,,Sandra Heykamp,40,,,,
Creston,Councillor,Megan Holland,,Megan Holland,40,,,,
Creston,Councillor,Rob Krausz,,Rob Krausz,40,,,,
Creston,Councillor,George Longpre,,George Longpre,40,,,,
Creston,Councillor,Danette Polzin,,Danette Polzin,40,,,,
Creston,Councillor,Ferd Schmidt,,Ferd Schmidt,40,,,,
Creston,Councillor,Tanya Wall,,Tanya Wall,40,,,,
Creston,Mayor,Denise Dumas,,Denise Dumas,40,,,,
Creston,Mayor,Neil Farstad,,Neil Farstad,40,,,,
Cultus Lake Park Board,Park Board Commissioner,Darcy Bauer,,Darcy Bauer,40,,,,
Cultus Lake Park Board,Park Board Commissioner,Kirk Dzaman,,Kirk Dzaman,40,,,,
Cultus Lake Park Board,Park Board Commissioner,Erika Jartved,,Erika Jartved,40,,,,
Cultus Lake Park Board,Park Board Commissioner,David Renwick,,David Renwick,41,,,,
Cultus Lake Park Board,Park Board Commissioner,Blair Stewart,,Blair Stewart,41,,,,
Cultus Lake Park Board,Park Board Commissioner,Jono Willcocks,,Jono Willcocks,41,,,,
Cumberland,Councillor,Zanoni Agnew,,Zanoni Agnew,41,,,,
Cumberland,Councillor,Ellian Bell,,Ellian Bell,41,,,,
Cumberland,Councillor,Neil Borecky,,Neil Borecky,41,,,,
Cumberland,Councillor,Kevin Snaden,,Kevin Snaden,41,,,,
Cumberland,Councillor,Sean Sullivan,,Sean Sullivan,41,,,,
Cumberland,Councillor,Troy Therrien,,Troy Therrien,41,,,,
Cumberland,Councillor,Nick Ward,,Nick Ward,41,,,,
Cumberland,Mayor,Vickey Brown,,Vickey Brown,41,,,,
Daajing Giids,Councillor,Bill Beamish,,Bill Beamish,41,,,,
Daajing Giids,Councillor,Kim Claggett,,Kim Claggett,41,,,,
Daajing Giids,Councillor,Calida Erickson (Withdrawn),,Calida Erickson,41,,,,
Daajing Giids,Councillor,Alanah Mountifield,,Alanah Mountifield,41,,,,
Daajing Giids,Councillor,Lisa Pineault,,Lisa Pineault,41,,,,
Daajing Giids,Councillor,Jennifer Rutt,,Jennifer Rutt,41,,,,
Daajing Giids,Councillor,Hayl Zacks,,Hayl Zacks,41,,,,
Daajing Giids,Mayor,Jim LeMottee,,Jim LeMottee,42,,,,
Daajing Giids,Mayor,Kris Olsen,,Kris Olsen,42,,,,
Dawson Creek,Councillor,Gregg Apolonio,,Gregg Apolonio,42,,,,
Dawson Creek,Councillor,Rob Atkinson,,Rob Atkinson,42,,,,
Dawson Creek,Councillor,Colleen Bice,,Colleen Bice,42,,,,
Dawson Creek,Councillor,Angela Healey,,Paige Healey,42,,,,
Dawson Creek,Councillor,Amy Kaempf,,Amy Kaempf,42,,,,
Dawson Creek,Councillor,Judy Kucharuk,,Judy Kucharuk,42,,,,
Dawson Creek,Councillor,Steven Reynolds,,Steven Reynolds,42,,,,
Dawson Creek,Councillor,Monica Rogers,,Jessica Pohl,42,,,,
Dawson Creek,Councillor,Juanita Shields,,Elizabeth Chard,42,,,,
Dawson Creek,Councillor,Barb Slowinski,,Barb Slowinski,42,,,,
Dawson Creek,Councillor,Mike Sudnik,,Mike Sudnik,42,,,,
Dawson Creek,Councillor,Karen Tom,,Karen Tom,42,,,,
Dawson Creek,Councillor,Raistlin Van Spronsen,,Raistlin Van Spronsen,42,,,,
Dawson Creek,Mayor,Dwaine Dilworth,,Paul Gevatkoff,42,,,,
Dawson Creek,Mayor,Kyle MacDonald,,John Vetter,42,,,,
Delta,Councillor,Wendy Beck-Orlando,,Kevin Reid,42,,,,
Delta,Councillor,Rod Binder,One Delta,Linda Kreutz,43,,,,
Delta,Councillor,Sylvia Bishop,One Delta,Linda Kreutz,43,,,,
Delta,Councillor,Daniel Boisvert,One Delta,Linda Kreutz,43,,,,
Delta,Councillor,Jennyfer Cassar,Achieving for Delta,Harvey Sidhu,43,,,,
Delta,Councillor,Jessie Dosanjh,Achieving for Delta,Harvey Sidhu,43,,,,
Delta,Councillor,Ronn Dunnett,,Ronn Dunnett,43,,,,
Delta,Councillor,Alexander Fischer,Delta First,Joan Hansen,43,,,,
Delta,Councillor,Sarah Gallop,One Delta,Linda Kreutz,43,,,,
Delta,Councillor,Alicia Guichon,Achieving for Delta,Harvey Sidhu,43,,,,
Delta,Councillor,Tammy Hansen,Delta First,Joan Hansen,43,,,,
Delta,Councillor,Jennifer Johal,One Delta,Linda Kreutz,43,,,,
Delta,Councillor,Pawan Joshi,One Delta,Linda Kreutz,43,,,,
Delta,Councillor,Nick Kanakos,,Harvey Sidhu,43,,,,
Delta,Councillor,Gillian McLeod,,Gillian McLeod,43,,,,
Delta,Councillor,Jat Puri,Delta First,Joan Hansen,43,,,,
Delta,Councillor,Ikjot Sandhu-Sahota,Achieving for Delta,Harvey Sidhu,43,,,,
Delta,Councillor,Sonya Sangster,Achieving for Delta,Harvey Sidhu,43,,,,
Delta,Councillor,Ron Wasik,,Ron Wasik,43,,,,
Delta,Councillor,Brian White,,Laura White,44,,,,
Delta,Mayor,Melissa Granum,Delta First,Joan Hansen,44,,,,
Delta,Mayor,George V. Harvie,Achieving for Delta,Harvey Sidhu,44,,,,
Delta,Mayor,Dylan Kruger,One Delta,Linda Kreutz,44,,,,
Delta School District,Board of Education Trustee,Erica Beard,Achieving for Delta,Harvey Sidhu,44,,,,
Delta School District,Board of Education Trustee,Jesse Bierman,One Delta,Linda Kreutz,44,,,,
Delta School District,Board of Education Trustee,Tamara Bissett-Laza,One Delta,Linda Kreutz,44,,,,
Delta School District,Board of Education Trustee,Nirmmi Daula,Achieving for Delta,Harvey Sidhu,44,,,,
Delta School District,Board of Education Trustee,Ammen Dhillon,One Delta,Linda Kreutz,44,,,,
Delta School District,Board of Education Trustee,Krissy Eiben,,Krissy Eiben,44,,,,
Delta School District,Board of Education Trustee,Masako Gooch,One Delta,Linda Kreutz,44,,,,
Delta School District,Board of Education Trustee,Amar Hundal,One Delta,Linda Kreutz,44,,,,
Delta School District,Board of Education Trustee,Marcin Huniewicz,,Marcin Huniewicz,44,,,,
Delta School District,Board of Education Trustee,Gurinder Kahlon,One Delta,Linda Kreutz,44,,,,
Delta School District,Board of Education Trustee,Jim McMurtry,,Jim McMurtry,44,,,,
Delta School District,Board of Education Trustee,Joe Muego,Achieving for Delta,Harvey Sidhu,44,,,,
Delta School District,Board of Education Trustee,Rick Ocean,Achieving for Delta,Harvey Sidhu,44,,,,
Delta School District,Board of Education Trustee,Nenah Sandy,Achieving for Delta,Harvey Sidhu,44,,,,
Delta School District,Board of Education Trustee,Sagar Sanghera,Achieving for Delta,Harvey Sidhu,45,,,,
Delta School District,Board of Education Trustee,Umendra Singh,Achieving for Delta,Harvey Sidhu,45,,,,
Delta School District,Board of Education Trustee,Roman St. Germain,,Roman St. Germain,45,,,,
Delta School District,Board of Education Trustee,Val Windsor,One Delta,Linda Kreutz,45,,,,
Duncan,Councillor,Mark Anderson,,Mark Anderson,45,,,,
Duncan,Councillor,Dana Arthurs,,Dana Arthurs,45,,,,
Duncan,Councillor,Garry Bruce,,Beverley Bruce,45,,,,
Duncan,Councillor,Jenni Capps,,Jenni Capps,45,,,,
Duncan,Councillor,Tom Duncan,,Tom Duncan,45,,,,
Duncan,Councillor,Jessica Fetchko,,Jessica Fetchko,45,,,,
Duncan,Councillor,Bradley Humenick,,Bradley Humenick,45,,,,
Duncan,Councillor,Adrian Mulholland,,Adrian Mulholland,45,,,,
Duncan,Councillor,Carol Newington,,Joan Milne,45,,,,
Duncan,Councillor,Bernice Timmer,,Bernice Timmer,45,,,,
Duncan,Mayor,Mike McKinlay,,Mike McKinlay,45,,,,
East Kootenay Regional District,Electoral Area Director,Nowell Berg,,Nowell Berg,45,,,,
East Kootenay Regional District,Electoral Area Director,Susan Clovechok,,Gayle Dougall,45,,,,
East Kootenay Regional District,Electoral Area Director,Krista Damstrom,,Krista Damstrom,45,,,,
East Kootenay Regional District,Electoral Area Director,Penny Flegel,,Penny Flegel,46,,,,
East Kootenay Regional District,Electoral Area Director,Thomas McDonald,,Thomas McDonald,46,,,,
East Kootenay Regional District,Electoral Area Director,Quentin Randall,,Quentin Randall,46,,,,
East Kootenay Regional District,Electoral Area Director,Roberta Schnider,,Roberta Schnider,46,,,,
East Kootenay Regional District,Electoral Area Director,Samantha Walsh,,Samantha Walsh,46,,,,
Elkford,Councillor,John Baher,,John Baher,46,,,,
Elkford,Councillor,Adam Connell,,Adam Connell,46,,,,
Elkford,Councillor,Len Gostick,,Len Gostick,46,,,,
Elkford,Councillor,Duncan McDonald,,Duncan McDonald,46,,,,
Elkford,Councillor,Jason Meldrum,,Jason Meldrum,46,,,,
Elkford,Councillor,Dustin Murray,,Dustin Murray,46,,,,
Elkford,Councillor,Bert Schalekamp,,Bert Schalekamp,46,,,,
Elkford,Mayor,Lindsey Armitage,,Algirdas Brunovas,46,,,,
Elkford,Mayor,Tathlina Lovlin,,Tathlina Lovlin,46,,,,
Elkford,Mayor,Mandy McGregor,,Mandy McGregor,46,,,,
Enderby,Councillor,Tundra Baird,,Tundra Baird,46,,,,
Enderby,Councillor,David Lancaster,,David Lancaster,46,,,,
Enderby,Councillor,Greg McCune,,Greg McCune,46,,,,
Enderby,Councillor,Jill Meyer,,Jill Meyer,47,,,,
Enderby,Councillor,Lynn Serhan,,Lynn Serhan,47,,,,
Enderby,Councillor,Ryan Sheepwash,,Kristina Fuller,47,,,,
Enderby,Councillor,Shawn Shishido,,Shawn Shishido,47,,,,
Enderby,Councillor,Sarah Yerhoff,,Sarah Yerhoff,47,,,,
Enderby,Mayor,Roxanne Davyduke,,Roxanne Davyduke,47,,,,
Enderby,Mayor,Huck Galbraith,,Huck Galbraith,47,,,,
Enderby,Mayor,Dave Ramey,,Dave Ramey,47,,,,
Esquimalt,Councillor,Andrea Boardman,,Andrea Boardman,47,,,,
Esquimalt,Councillor,Meagan Brame,,Meagan Brame,47,,,,
Esquimalt,Councillor,Holly Courtright,,Holly Courtright,47,,,,
Esquimalt,Councillor,Dan Igaz,,Dan Igaz,47,,,,
Esquimalt,Councillor,Meredith James,,Meredith James,47,,,,
Esquimalt,Councillor,Robb Johnstone,,Robb Johnstone,47,,,,
Esquimalt,Councillor,Bruce McIldoon,,Bruce McIldoon,47,,,,
Esquimalt,Councillor,Tim Morrison,,Tim Morrison,47,,,,
Esquimalt,Councillor,Zach Mulder,,Zach Mulder,47,,,,
Esquimalt,Councillor,Tyler Russell,,Tyler Russell,47,,,,
Esquimalt,Councillor,Kody Thomson,,Mary Helmer-Smith,48,,,,
Esquimalt,Councillor,Tara Todesco,,Tara Todesco,48,,,,
Esquimalt,Mayor,Dan Bruyere,,Dan Bruyere,48,,,,
Esquimalt,Mayor,Duncan Cavens,,Duncan Cavens,48,,,,
Esquimalt,Mayor,David Gauthier,,David Gauthier,48,,,,
Fernie,Councillor,Alleine Anselmo,,Alleine Anselmo,48,,,,
Fernie,Councillor,Tracey Audia Kelly,,Tracey Audia Kelly,48,,,,
Fernie,Councillor,Reto Barrington,,Reto Barrington,48,,,,
Fernie,Councillor,Kathleen Dolan,,Joshua Moscoe,48,,,,
Fernie,Councillor,Josh Gawryluk,,Josh Gawryluk,48,,,,
Fernie,Councillor,Phil Iddon,,Phil Iddon,48,,,,
Fernie,Councillor,Taylor Petrucha,,Taylor Petrucha,48,,,,
Fernie,Councillor,Ted Shoesmith,,Ted Shoesmith,48,,,,
Fernie,Councillor,Joshua Slykhuis,,Joshua Slykhuis,48,,,,
Fernie,Councillor,Scott Tibballs,,Scott Tibballs,48,,,,
Fernie,Mayor,Kyle Hamilton,,Aysha Haines,48,,,,
Fernie,Mayor,Harshan Ramadass,,Pruthvi Harshan,48,,,,
Fort Nelson School District,Board of Education Trustee,Lou Croin,,Lou Croin,48,,,,
Fort Nelson School District,Board of Education Trustee,Kathi Dickie,,Kathi Dickie,48,,,,
Fort Nelson School District,Board of Education Trustee,Linda Dolen,,Linda Dolen,49,,,,
Fort Nelson School District,Board of Education Trustee,Sheila McMillan,,Sheila McMillan,49,,,,
Fort Nelson School District,Board of Education Trustee,Frank Peach,,Frank Peach,49,,,,
Fort Nelson School District,Board of Education Trustee,Lucille Taylor,,Lucille Taylor,49,,,,
Fort Nelson School District,Board of Education Trustee,Jamie Thompson,,Jamie Thompson,49,,,,
Fort St. James,Councillor,Corbett Boschman,,Corbett Boschman,49,,,,
Fort St. James,Councillor,Michael Ellison,,Michael Ellison,49,,,,
Fort St. James,Councillor,Judith Friesen,,Judith Friesen,49,,,,
Fort St. James,Councillor,Jana Gainor,,Jana Gainor,49,,,,
Fort St. James,Councillor,Brenda Gouglas,,Brenda Gouglas,49,,,,
Fort St. James,Councillor,Jennifer Howell,,Jennifer Howell,49,,,,
Fort St. James,Councillor,Kris Nielsen,,Kris Nielsen,49,,,,
Fort St. James,Mayor,Martin Elphee,,Martin Elphee,49,,,,
Fort St. James,Mayor,Bob Maxwell Motion,,Bob Maxwell Motion,49,,,,
Fort St. John,Councillor,Avery Cox,,Avery Cox,49,,,,
Fort St. John,Councillor,Jane Drew,,Jane Drew,49,,,,
Fort St. John,Councillor,Ovvian Hill,,Ovvian Hill,49,,,,
Fort St. John,Councillor,Gord Klassen,,Gord Klassen,49,,,,
Fort St. John,Councillor,Steven Labossiere,,Steven Labossiere,50,,,,
Fort St. John,Councillor,John Lambert,,John Lambert,50,,,,
Fort St. John,Councillor,Jim Lequiere,,Jim Lequiere,50,,,,
Fort St. John,Councillor,Sarah MacDougall,,Sarah MacDougall,50,,,,
Fort St. John,Councillor,Kevin Stigners,,Kevin Stigners,50,,,,
Fort St. John,Councillor,Lucas Wuthrich,,Lucas Wuthrich,50,,,,
Fort St. John,Councillor,Tony Zabinsky,,Tony Zabinsky,50,,,,
Fort St. John,Mayor,Trevor Bolin,,Trevor Bolin,50,,,,
Fort St. John,Mayor,Lilia Hansen,,Lilia Hansen,50,,,,
Fraser Cascade School District,Board of Education Trustee,Wendy Clark,,Wendy Clark,50,,,,
Fraser Cascade School District,Board of Education Trustee,Wendy Colman-Lawley,,Wendy Colman-Lawley,50,,,,
Fraser Cascade School District,Board of Education Trustee,Pattie Desjardins,,Pattie Desjardins,50,,,,
Fraser Cascade School District,Board of Education Trustee,Cathy Harry,,Cathy Harry,50,,,,
Fraser Cascade School District,Board of Education Trustee,Benita Hatt,,Benita Hatt,50,,,,
Fraser Cascade School District,Board of Education Trustee,Andrea Hensen,,Andrea Hensen,50,,,,
Fraser Cascade School District,Board of Education Trustee,Linda Kerr,,Linda Kerr,50,,,,
Fraser Cascade School District,Board of Education Trustee,Cathy Speth,,Cathy Speth,50,,,,
Fraser Cascade School District,Board of Education Trustee,Heather Stewin,,Heather Stewin,50,,,,
Fraser Lake,Councillor,Dave Christie,,Dave Christie,51,,,,
Fraser Lake,Councillor,Janelle Cochrane,,Janelle Cochrane,51,,,,
Fraser Lake,Councillor,Harshveer Dhaliwal,,Harshveer Dhaliwal,51,,,,
Fraser Lake,Councillor,Audrey Fennema,,Audrey Fennema,51,,,,
Fraser Lake,Councillor,Amber Klassen,,Amber Klassen,51,,,,
Fraser Lake,Councillor,Jolene Webb,,Jolene Webb,51,,,,
Fraser Lake,Mayor,Sarrah Storey,,Sarrah Storey,51,,,,
Fraser Valley Regional District,Electoral Area Director,Peter Adamo,,Christopher Kelley,51,,,,
Fraser Valley Regional District,Electoral Area Director,Dennis Adamson,,Dennis Adamson,51,,,,
Fraser Valley Regional District,Electoral Area Director,Brittany Alenius,,Brittany Alenius,51,,,,
Fraser Valley Regional District,Electoral Area Director,Ellen Atkin,,Ellen Atkin,51,,,,
Fraser Valley Regional District,Electoral Area Director,Attila Banhegyi,,Attila Banhegyi,51,,,,
Fraser Valley Regional District,Electoral Area Director,Cory Cassel,,Cory Cassel,51,,,,
Fraser Valley Regional District,Electoral Area Director,Manav Chahal,,Manav Chahal,51,,,,
Fraser Valley Regional District,Electoral Area Director,Hugh Davidson,,Hugh Davidson,51,,,,
Fraser Valley Regional District,Electoral Area Director,Bill Dickey,,Bill Dickey,51,,,,
Fraser Valley Regional District,Electoral Area Director,Taryn Dixon,,Taryn Dixon,51,,,,
Fraser Valley Regional District,Electoral Area Director,Diane Johnson,,Diane Johnson,51,,,,
Fraser Valley Regional District,Electoral Area Director,Patti MacAhonic,,Patti MacAhonic,52,,,,
Fraser Valley Regional District,Electoral Area Director,Jag Randhawa,,Jag Randhawa,52,,,,
Fraser Valley Regional District,Electoral Area Director,Carly Thompson,,Carly Thompson,52,,,,
Fraser Valley Regional District,Electoral Area Director,Mel Waardenburg,,Mel Waardenburg,52,,,,
Fraser Valley Regional District,Electoral Area Director,Peter Wojcik,,Leonna Wojcik,52,,,,
Fraser-Fort George Regional District,Electoral Area Director,Dannielle Alan,,Dannielle Alan,52,,,,
Fraser-Fort George Regional District,Electoral Area Director,Greg Austman,,Greg Austman,52,,,,
Fraser-Fort George Regional District,Electoral Area Director,Lara Beckett,,Chauntel Stewart,52,,,,
Fraser-Fort George Regional District,Electoral Area Director,Kathleen Bosiak,,Kathleen Bosiak,52,,,,
Fraser-Fort George Regional District,Electoral Area Director,Scott Broughton,,Scott Broughton,52,,,,
Fraser-Fort George Regional District,Electoral Area Director,Book Buksa,,Book Buksa,52,,,,
Fraser-Fort George Regional District,Electoral Area Director,Gary Jamieson,,Matthew Richardson,52,,,,
Fraser-Fort George Regional District,Electoral Area Director,Art Kaehn,,Art Kaehn,52,,,,
Fraser-Fort George Regional District,Electoral Area Director,Jerrilyn Kirk,,Jerrilyn Kirk,52,,,,
Fraser-Fort George Regional District,Electoral Area Director,Joe Kolida,,Joe Kolida,52,,,,
Fraser-Fort George Regional District,Electoral Area Director,Victor Mobley,,Victor Mobley,52,,,,
Fraser-Fort George Regional District,Electoral Area Director,Caroline Brandner Olson,,Caroline Brandner Olson,52,,,,
Fraser-Fort George Regional District,Electoral Area Director,Joe Rositano,,Joe Rositano,53,,,,
Fraser-Fort George Regional District,Electoral Area Director,Ken Schinkel,,Ken Schinkel,53,,,,
Fraser-Fort George Regional District,Electoral Area Director,Darrel Schultz,,Darrel Schultz,53,,,,
Fraser-Fort George Regional District,Electoral Area Director,Perry Slump,,Perry Slump,53,,,,
Fraser-Fort George Regional District,Electoral Area Director,David Szucsko,,David Szucsko,53,,,,
Fraser-Fort George Regional District,Electoral Area Director,Robert Verkaik,,Robert Verkaik,53,,,,
Fraser-Fort George Regional District,Local Community Commissioner,Herbert Franklin,,Herbert Franklin,53,,,,
Fraser-Fort George Regional District,Local Community Commissioner,Barbara Giesbrecht,,Barbara Giesbrecht,53,,,,
Fraser-Fort George Regional District,Local Community Commissioner,Jennifer Hebert,,Jennifer Hebert,53,,,,
Fraser-Fort George Regional District,Local Community Commissioner,Thomas Kendall,,Thomas Kendall,53,,,,
Fraser-Fort George Regional District,Local Community Commissioner,Ella McCutcheon,,Ella McCutcheon,53,,,,
Fruitvale,Councillor,Karen Halifax,,Karen Halifax,53,,,,
Fruitvale,Councillor,Julia Mason,,Julia Mason,53,,,,
Fruitvale,Councillor,Tamara Pearson,,Tamara Pearson,53,,,,
Fruitvale,Councillor,Jimmy Swanson,,Jimmy Swanson,53,,,,
Fruitvale,Councillor,Sunee Vektoor,,Sunee Vektoor,53,,,,
Fruitvale,Mayor,Catherine Guesford,,Raymond Guesford,53,,,,
Fruitvale,Mayor,Wes Startup,,Wes Startup,53,,,,
Gibsons,Councillor,Ashley Cornelson,,Ashley Cornelson,54,,,,
Gibsons,Councillor,David Croal,,Linda Iverson,54,,,,
Gibsons,Councillor,Arthur Cullinan,,Arthur Cullinan,54,,,,
Gibsons,Councillor,Annemarie De Andrade,,Annemarie De Andrade,54,,,,
Gibsons,Councillor,Tyler Dunn,,Tyler Dunn,54,,,,
Gibsons,Councillor,Sara El Rayess,,Sara El Rayess,54,,,,
Gibsons,Councillor,Todd Hodgins,,Todd Hodgins,54,,,,
Gibsons,Councillor,Randy Johnston,,Randy Johnston,54,,,,
Gibsons,Councillor,Neil MacEachern,,Neil MacEachern,54,,,,
Gibsons,Councillor,Jäger Rosenberg,,William Forst,54,,,,
Gibsons,Mayor,Des Delaney,,Des Delaney,54,,,,
Gibsons,Mayor,Silas White,,Silas White,54,,,,
Gold River,Councillor,Scott Darbey,,Scott Darbey,54,,,,
Gold River,Councillor,Michael McGee,,Michael McGee,54,,,,
Gold River,Councillor,Brenda Patrick,,Brenda Patrick,54,,,,
Gold River,Councillor,Jarrod Simpson,,Jarrod Simpson,54,,,,
Gold River,Councillor,Roger Steele,,Roger Steele,54,,,,
Gold River,Councillor,Chris White,,Chris White,54,,,,
Gold River,Mayor,Mike Drake,,Mike Drake,55,,,,
Gold River,Mayor,Henry Fossen,,Henry Fossen,55,,,,
Gold River,Mayor,Michael Lott,,Michael Lott,55,,,,
Gold River,Mayor,Peter Wehmeier,,Peter Wehmeier,55,,,,
Gold Trail School District,Board of Education Trustee,Valerie Adrian,,Florence Jack,55,,,,
Gold Trail School District,Board of Education Trustee,Larry Casper,,Larry Casper,55,,,,
Gold Trail School District,Board of Education Trustee,Jordan Lawrence,,Jordan Lawrence,55,,,,
Gold Trail School District,Board of Education Trustee,Carmen Ranta,,Carmen Ranta,55,,,,
Gold Trail School District,Board of Education Trustee,John Roberge,,John Roberge,55,,,,
Gold Trail School District,Board of Education Trustee,Orra Storkan,,Orra Storkan,55,,,,
Gold Trail School District,Board of Education Trustee,Connor Thomas,,Connor Thomas,55,,,,
Golden,Councillor,Stuart Angus,,Stuart Angus,55,,,,
Golden,Councillor,Justin Baun,,Justin Baun,55,,,,
Golden,Councillor,Calvin Beauchesne,,Calvin Beauchesne,55,,,,
Golden,Councillor,James Bjarnason,,James Bjarnason,55,,,,
Golden,Councillor,Janet Crandall,,Janet Crandall,55,,,,
Golden,Councillor,John Manuel,,John Manuel,55,,,,
Golden,Councillor,Ron Oszust,,Ron Oszust,56,,,,
Golden,Councillor,Rick Pullen,,Rick Pullen,56,,,,
Golden,Councillor,David Ratzlaff,,Heather Ratzlaff,56,,,,
Golden,Councillor,Dustin Shanahan,,Dustin Shanahan,56,,,,
Golden,Mayor,Kristi Cooper,,Kristi Cooper,56,,,,
Golden,Mayor,Wes Routley,,Wes Routley,56,,,,
Grand Forks,Councillor,Christina Abbott,,Christina Abbott,56,,,,
Grand Forks,Councillor,Shaun Aquiline,,Shaun Aquiline,56,,,,
Grand Forks,Councillor,Nicole Best,,Nicole Best,56,,,,
Grand Forks,Councillor,Zak Eburne-Stoodley,,Zak Eburne-Stoodley,56,,,,
Grand Forks,Councillor,Kaja Gjesdal,,Kaja Gjesdal,56,,,,
Grand Forks,Councillor,JD,,JD,56,,,,
Grand Forks,Councillor,Neil Krog,,Neil Krog,56,,,,
Grand Forks,Councillor,David Mark,,David Mark,56,,,,
Grand Forks,Councillor,Christopher Stevenson,,Christopher Stevenson,56,,,,
Grand Forks,Councillor,Crystal Sullivan,,Crystal Sullivan,56,,,,
Grand Forks,Mayor,Everett Baker,,Christine-Ann Fisher,56,,,,
Grand Forks,Mayor,Kirk Duff,,Kirk Duff,56,,,,
Grand Forks,Mayor,Rod Zielinski,,Rod Zielinski,57,,,,
Granisle,Councillor,Karen Barber,,Karen Barber,57,,,,
Granisle,Councillor,Ron Bedard,,Kathy Bedard,57,,,,
Granisle,Councillor,Heather Dedio,,Heather Dedio,57,,,,
Granisle,Councillor,Wayne Herrod,,Wayne Herrod,57,,,,
Granisle,Councillor,Nicholas Kitras,,Nicholas Kitras,57,,,,
Granisle,Councillor,Jane McQueen,,Jane McQueen,57,,,,
Granisle,Councillor,Heather Prisk,,Heather Prisk,57,,,,
Granisle,Councillor,Mandy Schram,,Mandy Schram,57,,,,
Granisle,Mayor,Blaine B. Maughan,,Blaine B. Maughan,57,,,,
Granisle,Mayor,Linda McGuire,,Linda McGuire,57,,,,
Granisle,Mayor,Selina Pechlaner,,Selina Pechlaner,57,,,,
Granisle,Mayor,Ted Roebuck,,Ted Roebuck,57,,,,
Greater Victoria School District,Board of Education Trustee,Chésa Abma-Slade,,Chésa Abma-Slade,57,,,,
Greater Victoria School District,Board of Education Trustee,Trevor Barry,,Trevor Barry,57,,,,
Greater Victoria School District,Board of Education Trustee,Maiya Beech,Victoria For All,Amelia Viaud,57,,,,
Greater Victoria School District,Board of Education Trustee,Alexandra Bomphray,,Alexandra Bomphray,57,,,,
Greater Victoria School District,Board of Education Trustee,Gwynn Butchart,,Gwynn Butchart,57,,,,
Greater Victoria School District,Board of Education Trustee,Angela Carmichael,,Angela Carmichael,58,,,,
Greater Victoria School District,Board of Education Trustee,James Chaney,,James Chaney,58,,,,
Greater Victoria School District,Board of Education Trustee,Darren Companion,,Darren Companion,58,,,,
Greater Victoria School District,Board of Education Trustee,Florence Dick,,Florence Dick,58,,,,
Greater Victoria School District,Board of Education Trustee,Andrew Gage,,Andrew Gage,58,,,,
Greater Victoria School District,Board of Education Trustee,Sebastian Horabin,,Sebastian Horabin,58,,,,
Greater Victoria School District,Board of Education Trustee,Tracy Humphreys,,Tracy Humphreys,58,,,,
Greater Victoria School District,Board of Education Trustee,Samantha Latham,,Samantha Latham,58,,,,
Greater Victoria School District,Board of Education Trustee,James Le,,James Le,58,,,,
Greater Victoria School District,Board of Education Trustee,Evan Llewellyn,,Evan Llewellyn,58,,,,
Greater Victoria School District,Board of Education Trustee,Piers MacDonald,,Piers MacDonald,58,,,,
Greater Victoria School District,Board of Education Trustee,Tanner May-Poole,,Tanner May-Poole,58,,,,
Greater Victoria School District,Board of Education Trustee,James McAllister,,James McAllister,58,,,,
Greater Victoria School District,Board of Education Trustee,Andrea Mears,,Veronica Barlee,58,,,,
Greater Victoria School District,Board of Education Trustee,John Rice,,John Rice,58,,,,
Greater Victoria School District,Board of Education Trustee,Diane Sam,,Tammy Sam,58,,,,
Greater Victoria School District,Board of Education Trustee,Rob Thomas,,Rob Thomas,58,,,,
Greater Victoria School District,Board of Education Trustee,Ken Waldron,,Ken Waldron,58,,,,
Greater Victoria School District,Board of Education Trustee,Ann Whiteaker,,Ann Whiteaker,59,,,,
Greenwood,Councillor,Jason Atkins,,Jason Atkins,59,,,,
Greenwood,Councillor,Clint Huisman,,Clint Huisman,59,,,,
Greenwood,Councillor,Christine Lang,,Christine Lang,59,,,,
Greenwood,Councillor,Jessica McLean,,Jessica McLean,59,,,,
Greenwood,Councillor,Gerry Shaw,,Gerry Shaw,59,,,,
Greenwood,Councillor,Douglas Trask,,Douglas Trask,59,,,,
Greenwood,Mayor,Barry Noll,,Barry Noll,59,,,,
Greenwood,Mayor,CJ Rhodes,,CJ Rhodes,59,,,,
Gulf Islands School District,Board of Education Trustee,Tisha Boulter,,Tisha Boulter,59,,,,
Gulf Islands School District,Board of Education Trustee,Sharyn Carroll,,Sharyn Carroll,59,,,,
Gulf Islands School District,Board of Education Trustee,Clare Hoffman,,Clare Hoffman,59,,,,
Gulf Islands School District,Board of Education Trustee,Chaya Katrensky,,Chaya Katrensky,59,,,,
Gulf Islands School District,Board of Education Trustee,Gregory Lucas,,Gregory Lucas,59,,,,
Gulf Islands School District,Board of Education Trustee,Deborah Luporini,,Deborah Luporini,59,,,,
Gulf Islands School District,Board of Education Trustee,Jenny McClean,,Jenny McClean,59,,,,
Gulf Islands School District,Board of Education Trustee,Charles McGill,,Charles McGill,59,,,,
Gulf Islands School District,Board of Education Trustee,Rob Pingle,,Rob Pingle,59,,,,
Gulf Islands School District,Board of Education Trustee,Anna Szul,,Anna Szul,60,,,,
Gulf Islands School District,Board of Education Trustee,John Whitelaw,,John Whitelaw,60,,,,
Gulf Islands School District,Board of Education Trustee,Levi Wilson,,Levi Wilson,60,,,,
Haida Gwaii School District,Board of Education Trustee,Wilson Brown,,Wilson Brown,60,,,,
Haida Gwaii School District,Board of Education Trustee,Jam Clark,,Jam Clark,60,,,,
Haida Gwaii School District,Board of Education Trustee,Ashley Currie,,Ashley Currie,60,,,,
Haida Gwaii School District,Board of Education Trustee,Tammy Gates,,Tammy Gates,60,,,,
Haida Gwaii School District,Board of Education Trustee,Jennifer Jury,,Jennifer Jury,60,,,,
Haida Gwaii School District,Board of Education Trustee,Megan Moncrieff,,Megan Moncrieff,60,,,,
Haida Gwaii School District,Board of Education Trustee,Dana Moraes,,Dana Moraes,60,,,,
Haida Gwaii School District,Board of Education Trustee,Kim Nickel,,Kim Nickel,60,,,,
Haida Gwaii School District,Board of Education Trustee,Miranda Post,,Miranda Post,60,,,,
Haida Gwaii School District,Board of Education Trustee,Lindsay Seegmiller,,Lindsay Seegmiller,60,,,,
Haida Gwaii School District,Board of Education Trustee,Meggan Wood,,Meggan Wood,60,,,,
Harrison Hot Springs,Councillor,John Allen,,John Allen,60,,,,
Harrison Hot Springs,Councillor,Wendy Baldwin,,Wendy Baldwin,60,,,,
Harrison Hot Springs,Councillor,Ross Buchanan,,Ross Buchanan,60,,,,
Harrison Hot Springs,Councillor,Leo Facio,,Leo Facio,60,,,,
Harrison Hot Springs,Councillor,Susan Galvao,,Susan Galvao,61,,,,
Harrison Hot Springs,Councillor,Teresa Omelus,,Teresa Omelus,61,,,,
Harrison Hot Springs,Councillor,Stewart Pritchard,,Stewart Pritchard,61,,,,
Harrison Hot Springs,Councillor,Gabby Thornton,,Gabby Thornton,61,,,,
Harrison Hot Springs,Councillor,Greg Veltman,,Greg Veltman,61,,,,
Harrison Hot Springs,Councillor,Michie Vidal,,Michie Vidal,61,,,,
Harrison Hot Springs,Councillor,Michael Warn,,Michael Warn,61,,,,
Harrison Hot Springs,Councillor,Gary Webster,,Gary Webster,61,,,,
Harrison Hot Springs,Councillor,Landry Winkles,,Landry Winkles,61,,,,
Harrison Hot Springs,Mayor,Cassandra Manley,,Cassandra Manley,61,,,,
Harrison Hot Springs,Mayor,Fred Talen,,Fred Talen,61,,,,
Harrison Hot Springs,Mayor,Ed Wood,,Ed Wood,61,,,,
Hazelton,Councillor,Wendy Blackstock,,Wendy Blackstock,61,,,,
Hazelton,Councillor,Shanna Lawrence,,Shanna Lawrence,61,,,,
Hazelton,Councillor,Charles Smith,,Charles Smith,61,,,,
Hazelton,Councillor,Morgan Yee,,Morgan Yee,61,,,,
Hazelton,Mayor,Julie Maitland,,Julie Maitland,61,,,,
Highlands,Councillor,Justin Allen,,Justin Allen,61,,,,
Highlands,Councillor,Leslie Anderson,,Leslie Anderson,62,,,,
Highlands,Councillor,Ann Baird,,Ann Baird,62,,,,
Highlands,Councillor,Ken Brotherston,,Marie Brotherston,62,,,,
Highlands,Councillor,Marie Brotherston,,Marie Brotherston,62,,,,
Highlands,Councillor,Patrick Harriott,,Patrick Harriott,62,,,,
Highlands,Councillor,Genny Holt,,Genny Holt,62,,,,
Highlands,Councillor,Rob Justice,,Rob Justice,62,,,,
Highlands,Councillor,Marcie McLean,,Marcie McLean,62,,,,
Highlands,Councillor,Karel Roessingh,,Karel Roessingh,62,,,,
Highlands,Councillor,Adrian Selby,,Adrian Selby,62,,,,
Highlands,Mayor,Gord Baird,,Ann Baird,62,,,,
Highlands,Mayor,Ken Williams,,Ken Williams,62,,,,
Hope,Councillor,Carol Bacon,,Carol Bacon,62,,,,
Hope,Councillor,Michael Bowcott,,Michael Bowcott,62,,,,
Hope,Councillor,Magnus DuBeau,,Magnus DuBeau,62,,,,
Hope,Councillor,Darryl Dyck,,Darryl Dyck,62,,,,
Hope,Councillor,Bonny Graham,,Bonny Graham,62,,,,
Hope,Councillor,Scott Medlock,,Scott Medlock,62,,,,
Hope,Councillor,Pauline Newbigging,,Pauline Newbigging,63,,,,
Hope,Councillor,Crystal Sedore,,Crystal Sedore,63,,,,
Hope,Councillor,Dusty Smith,,Dusty Smith,63,,,,
Hope,Councillor,Heather Stewin,,Heather Stewin,63,,,,
Hope,Councillor,Christine Tomlinson,,Christine Tomlinson,63,,,,
Hope,Mayor,Victor Smith,,Victor Smith,63,,,,
Houston,Councillor,Mike Bowes,,Mike Bowes,63,,,,
Houston,Councillor,Rebecca Hougen,,Rebecca Hougen,63,,,,
Houston,Councillor,Greg LeBlanc,,Sherri Wright,63,,,,
Houston,Councillor,Amber Oevering,,Amber Oevering,63,,,,
Houston,Councillor,Troy Reitsma,,Troy Reitsma,63,,,,
Houston,Councillor,Glory Shumbusho,,Glory Shumbusho,63,,,,
Houston,Councillor,Thomas Stringfellow,,Thomas Stringfellow,63,,,,
Houston,Mayor,Shane Brienen,,Shane Brienen,63,,,,
Houston,Mayor,Lisa Mueller,,Lisa Mueller,63,,,,
Houston,Mayor,Kyle Thomson,,Kyle Thomson,63,,,,
Hudson's Hope,Councillor,Debbie Beattie,,Debbie Beattie,63,,,,
Hudson's Hope,Councillor,Rob Douglas,,Rob Douglas,63,,,,
Hudson's Hope,Councillor,Greta Goddard,,Greta Goddard,64,,,,
Hudson's Hope,Councillor,Tina Jeffrey,,Tina Jeffrey,64,,,,
Hudson's Hope,Councillor,John-Paul McCarthy,,John-Paul McCarthy,64,,,,
Hudson's Hope,Councillor,Victoria Mee,,Victoria Mee,64,,,,
Hudson's Hope,Councillor,Ben Romine,,Ben Romine,64,,,,
Hudson's Hope,Councillor,Kimberly Stacey,,Kimberly Stacey,64,,,,
Hudson's Hope,Councillor,Tashana Winnicky,,Tashana Winnicky,64,,,,
Hudson's Hope,Mayor,Travous Quibell,,Travous Quibell,64,,,,
Hudson's Hope,Mayor,Luke Zandbergen,,Luke Zandbergen,64,,,,
Invermere,Councillor,Kayja Becker,,Kayja Becker,64,,,,
Invermere,Councillor,Grant Kelly,,Grant Kelly,64,,,,
Invermere,Councillor,Ryan Neal,,Ryan Neal,64,,,,
Invermere,Councillor,Sue-Rose Read,,Sue-Rose Read,64,,,,
Invermere,Councillor,Mark Topliff,,Mark Topliff,64,,,,
Invermere,Councillor,Theresa Wood,,Theresa Wood,64,,,,
Invermere,Mayor,Al Miller,,Al Miller,64,,,,
Islands Trust,Islands Trust Local Trust Area Trustee,Alex Allen,,Alex Allen,64,,,,
Islands Trust,Islands Trust Local Trust Area Trustee,Bob Andrew,,Maya Ruggles,64,,,,
Islands Trust,Islands Trust Local Trust Area Trustee,Joe Bernardo,,Joe Bernardo,65,,,,
Islands Trust,Islands Trust Local Trust Area Trustee,Sam Borthwick,,Sam Borthwick,65,,,,
Islands Trust,Islands Trust Local Trust Area Trustee,Paul Brent,,Eva Hage,65,,,,
Islands Trust,Islands Trust Local Trust Area Trustee,George Buvyer,,George Buvyer,65,,,,
Islands Trust,Islands Trust Local Trust Area Trustee,Aaron Campbell,,Aaron Campbell,65,,,,
Islands Trust,Islands Trust Local Trust Area Trustee,Colin Cooper,,Colin Cooper,65,,,,
Islands Trust,Islands Trust Local Trust Area Trustee,Michael Cowan,,Michael Cowan,65,,,,
Islands Trust,Islands Trust Local Trust Area Trustee,Ronaldo Cruz,,Ronaldo Cruz,65,,,,
Islands Trust,Islands Trust Local Trust Area Trustee,Jeanine Dodds,,Jeanine Dodds,65,,,,
Islands Trust,Islands Trust Local Trust Area Trustee,Tobi Elliott,,Mary Fleming,65,,,,
Islands Trust,Islands Trust Local Trust Area Trustee,Kristina Evans,,Kristina Evans,65,,,,
Islands Trust,Islands Trust Local Trust Area Trustee,Dag Falck,,Dag Falck,65,,,,
Islands Trust,Islands Trust Local Trust Area Trustee,JS McIntosh Fash,,JS McIntosh Fash,65,,,,
Islands Trust,Islands Trust Local Trust Area Trustee,Lisa Gauvreau,,Lisa Gauvreau,65,,,,
Islands Trust,Islands Trust Local Trust Area Trustee,Perri Gorrara,,Perri Gorrara,65,,,,
Islands Trust,Islands Trust Local Trust Area Trustee,Steve Hawkins,,Steve Hawkins,65,,,,
Islands Trust,Islands Trust Local Trust Area Trustee,Morgan Hayward,,Morgan Hayward,65,,,,
Islands Trust,Islands Trust Local Trust Area Trustee,Gary Holman,,Janis Gauthier,65,,,,
Islands Trust,Islands Trust Local Trust Area Trustee,Kenneth Hunter,,Kenneth Hunter,66,,,,
Islands Trust,Islands Trust Local Trust Area Trustee,Robin Jenkinson,,Robin Jenkinson,66,,,,
Islands Trust,Islands Trust Local Trust Area Trustee,Tor Klebe,,Tor Klebe,66,,,,
Islands Trust,Islands Trust Local Trust Area Trustee,John Kuharchuk,,John Kelly,66,,,,
Islands Trust,Islands Trust Local Trust Area Trustee,April Lewis,,April Lewis,66,,,,
Islands Trust,Islands Trust Local Trust Area Trustee,Ben Mabberley,,Mechelle Crocker,66,,,,
Islands Trust,Islands Trust Local Trust Area Trustee,Eric G March,,Madeline Smith,66,,,,
Islands Trust,Islands Trust Local Trust Area Trustee,Terry Martin,,Terry Martin,66,,,,
Islands Trust,Islands Trust Local Trust Area Trustee,David Maude,,David Maude,66,,,,
Islands Trust,Islands Trust Local Trust Area Trustee,Benjamin McConchie,,John Bowers,66,,,,
Islands Trust,Islands Trust Local Trust Area Trustee,Lee Middleton,,Lee Middleton,66,,,,
Islands Trust,Islands Trust Local Trust Area Trustee,Brenna Mongeon,,Brenna Mongeon,66,,,,
Islands Trust,Islands Trust Local Trust Area Trustee,Patrick Mullan,,Patrick Mullan,66,,,,
Islands Trust,Islands Trust Local Trust Area Trustee,Jordan Nobel,,Jordan Nobel,66,,,,
Islands Trust,Islands Trust Local Trust Area Trustee,Dave Olsen,,Dave Olsen,66,,,,
Islands Trust,Islands Trust Local Trust Area Trustee,Niall Parker,,Niall Parker,66,,,,
Islands Trust,Islands Trust Local Trust Area Trustee,Timothy Peterson,,Timothy Peterson,66,,,,
Islands Trust,Islands Trust Local Trust Area Trustee,Jeffrey Rabena,,Jeffrey Rabena,66,,,,
Islands Trust,Islands Trust Local Trust Area Trustee,David Reay,,David Reay,67,,,,
Islands Trust,Islands Trust Local Trust Area Trustee,Tahirih Rockafella,,Tahirih Rockafella,67,,,,
Islands Trust,Islands Trust Local Trust Area Trustee,Drew Roots,,Drew Roots,67,,,,
Islands Trust,Islands Trust Local Trust Area Trustee,Noah Ross,,Noah Ross,67,,,,
Islands Trust,Islands Trust Local Trust Area Trustee,Jim Senetza,,Jim Senetza,67,,,,
Islands Trust,Islands Trust Local Trust Area Trustee,Ethan Wilding,,Jasper Gagne,67,,,,
Islands Trust,Islands Trust Local Trust Area Trustee,Sam Wing,,Sam Wing,67,,,,
Islands Trust,Islands Trust Local Trust Area Trustee,Bryan Young,,Bryan Young,67,,,,
Kamloops,Councillor,Brian Andrews,,Tushar Jain,67,,,,
Kamloops,Councillor,Dave Baker,,Dave Baker,67,,,,
Kamloops,Councillor,Dale Bass,,Alan Bass,67,,,,
Kamloops,Councillor,Nancy Bepple,,Donna Gibson,67,,,,
Kamloops,Councillor,Rob Bertrand,,Rob Bertrand,67,,,,
Kamloops,Councillor,Kathrine Blair-Wunderlich,Pivot Kamloops,Cindy McKinnon,67,,,,
Kamloops,Councillor,Steve Bucher,,Steve Bucher,67,,,,
Kamloops,Councillor,Bonnie Cleland,,Bonnie Cleland,67,,,,
Kamloops,Councillor,Alberto De Marni,,Alberto De Marni,67,,,,
Kamloops,Councillor,Bryce Eberle,,Bryce Eberle,67,,,,
Kamloops,Councillor,Dennis Giesbrecht,Pivot Kamloops,Caroline King,68,,,,
Kamloops,Councillor,Mac B Gordon,,Mac B Gordon,68,,,,
Kamloops,Councillor,Kelly Hall,,Barbara McLay,68,,,,
Kamloops,Councillor,Ian Head,,Ian Head,68,,,,
Kamloops,Councillor,Stephen Karpuk,,Stephen Karpuk,68,,,,
Kamloops,Councillor,Lyndsay McDonald,,Lyndsay McDonald,68,,,,
Kamloops,Councillor,Margot Middleton,,Michael Waithe,68,,,,
Kamloops,Councillor,Christopher Mitra,,Christopher Mitra,68,,,,
Kamloops,Councillor,Barbara Morin,,Cary Morin,68,,,,
Kamloops,Councillor,Katie Neustaeter,,Matthew Klassen,68,,,,
Kamloops,Councillor,Kadin Rainville,,Mitchell Romano,68,,,,
Kamloops,Councillor,Robin Reeb,,Claudette Borowski,68,,,,
Kamloops,Councillor,Jesse Ritcey,,Chelsea Enslow,68,,,,
Kamloops,Councillor,Doug Ronnquist,,Doug Ronnquist,68,,,,
Kamloops,Councillor,Bill Sarai,,David Deol,68,,,,
Kamloops,Councillor,Cindy Sonne,,Cindy Sonne,68,,,,
Kamloops,Councillor,Randy Sunderman,Pivot Kamloops,Ken Sunderman,68,,,,
Kamloops,Councillor,Greg Unger,,Greg Unger,68,,,,
Kamloops,Councillor,Nevin Webster,,Nevin Webster,69,,,,
Kamloops,Mayor,Nelly Dever,Pivot Kamloops,Deljeet Dhaliwal,69,,,,
Kamloops,Mayor,Ray Dhaliwal,,Ray Dhaliwal,69,,,,
Kamloops,Mayor,Reid Hamer-Jackson,,Laura Strong,69,,,,
Kamloops,Mayor,Kris Lloyd-Middleton,,Kris Lloyd-Middleton,69,,,,
Kamloops,Mayor,Mike O'Reilly,,Scott Campbell,69,,,,
Kamloops,Mayor,Ivory Winston,,Ivory Winston,69,,,,
Kamloops/Thompson School District,Board of Education Trustee,Tyler Aviss,,Jinhui Kim,69,,,,
Kamloops/Thompson School District,Board of Education Trustee,Shahriar Behmanesh,,Shahriar Behmanesh,69,,,,
Kamloops/Thompson School District,Board of Education Trustee,Alexandra Bercea,,Alexandra Bercea,69,,,,
Kamloops/Thompson School District,Board of Education Trustee,Bronwen Bird,,Bronwen Bird,69,,,,
Kamloops/Thompson School District,Board of Education Trustee,James Blenkhorn,,James Blenkhorn,69,,,,
Kamloops/Thompson School District,Board of Education Trustee,Sean Campbell,,Sean Campbell,69,,,,
Kamloops/Thompson School District,Board of Education Trustee,Heather Grieve,,Heather Grieve,69,,,,
Kamloops/Thompson School District,Board of Education Trustee,Katherine Gulley,,Christopher Foulds,69,,,,
Kamloops/Thompson School District,Board of Education Trustee,Cole Hickson,,Taylor Bertoli,69,,,,
Kamloops/Thompson School District,Board of Education Trustee,Jimmy Johal,,Jimmy Johal,69,,,,
Kamloops/Thompson School District,Board of Education Trustee,Diane Jules,,Vicki Manuel,69,,,,
Kamloops/Thompson School District,Board of Education Trustee,Jo Kang,,Sukhbir Kang,70,,,,
Kamloops/Thompson School District,Board of Education Trustee,Kathleen Karpuk,,Kathleen Karpuk,70,,,,
Kamloops/Thompson School District,Board of Education Trustee,Aaron Krausert,,Aaron Krausert,70,,,,
Kamloops/Thompson School District,Board of Education Trustee,Troylana Manson,,Troylana Manson,70,,,,
Kamloops/Thompson School District,Board of Education Trustee,Bonnie McBride,,Chris Ponti,70,,,,
Kamloops/Thompson School District,Board of Education Trustee,Marie McGivern,,Marie McGivern,70,,,,
Kamloops/Thompson School District,Board of Education Trustee,Cara McKelvey,,Cara McKelvey,70,,,,
Kamloops/Thompson School District,Board of Education Trustee,John O'Fee,,John O'Fee,70,,,,
Kamloops/Thompson School District,Board of Education Trustee,Lee Onslow,,Lee Onslow,70,,,,
Kamloops/Thompson School District,Board of Education Trustee,Deb Piggin,,Deb Piggin,70,,,,
Kamloops/Thompson School District,Board of Education Trustee,Shelley Sim,,Shelley Sim,70,,,,
Kaslo,Councillor,Matthew Brown,,Matthew Brown,70,,,,
Kaslo,Councillor,Donna Cormie,,Donna Cormie,70,,,,
Kaslo,Councillor,Linden Gibbons,,Linden Gibbons,70,,,,
Kaslo,Councillor,Jim Holland,,Jim Holland,70,,,,
Kaslo,Councillor,Molly Leathwood,,Molly Leathwood,70,,,,
Kaslo,Councillor,MerryJill Milne,,MerryJill Milne,70,,,,
Kaslo,Councillor,Rick Nay,,Rick Nay,70,,,,
Kaslo,Councillor,John Rasmussen,,John Rasmussen,71,,,,
Kaslo,Councillor,Sarah Sinclair,,Sarah Sinclair,71,,,,
Kaslo,Mayor,Erika Bird,,Erika Bird,71,,,,
Kaslo,Mayor,Suzan Hewat,,Rick Hewat,71,,,,
Kelowna,Councillor,Susan Ames,,David Erikson,71,,,,
Kelowna,Councillor,Les Bellamy,,Madison Galton,71,,,,
Kelowna,Councillor,Chris Bocskei,,Chris Bocskei,71,,,,
Kelowna,Councillor,Doris Bregolisse,,Patrick Huang,71,,,,
Kelowna,Councillor,Nikki Csek,,Cheryl Schaefer,71,,,,
Kelowna,Councillor,Greg Dahms,,Greg Dahms,71,,,,
Kelowna,Councillor,Todd Daniels,,Todd Daniels,71,,,,
Kelowna,Councillor,Maxine DeHart,,Glen Jackson,71,,,,
Kelowna,Councillor,Indy Dhial,,Jaspal Dhial,71,,,,
Kelowna,Councillor,Crystal Dougan,,Crystal Dougan,71,,,,
Kelowna,Councillor,Tim Down,,Tony Parmar,71,,,,
Kelowna,Councillor,Julia Fraser,,Julia Fraser,71,,,,
Kelowna,Councillor,Daniel Fritter,,Daniel Fritter,71,,,,
Kelowna,Councillor,Bal Grewal,,Kenneth Deines,71,,,,
Kelowna,Councillor,Hamid Khajavi,,Hamid Khajavi,72,,,,
Kelowna,Councillor,King James III,,King James III,72,,,,
Kelowna,Councillor,Kevin Kraft,,Amber Nillson,72,,,,
Kelowna,Councillor,Davis Kyle,,Davis Kyle,72,,,,
Kelowna,Councillor,Gord Lovegrove,,Karen Lovegrove,72,,,,
Kelowna,Councillor,Trevor McAleese,,Kathryn Chin,72,,,,
Kelowna,Councillor,Randy Millis,,Randy Millis,72,,,,
Kelowna,Councillor,H. Morales,,H. Morales,72,,,,
Kelowna,Councillor,Brian Pinter,,Brian Pinter,72,,,,
Kelowna,Councillor,JC Rathwell,,JC Rathwell,72,,,,
Kelowna,Councillor,Brady Rogers,,Brady Rogers,72,,,,
Kelowna,Councillor,Brian Rogers,,Brian Rogers,72,,,,
Kelowna,Councillor,Mike Rose,,Mike Rose,72,,,,
Kelowna,Councillor,Todd Sanderson,,Todd Sanderson,72,,,,
Kelowna,Councillor,Corey Severin,,Corey Severin,72,,,,
Kelowna,Councillor,Mohini Singh,,Gary Lidhar,72,,,,
Kelowna,Councillor,Glendon Smedley,,Glendon Smedley,72,,,,
Kelowna,Councillor,Silverado Socrates,,Silverado Socrates,72,,,,
Kelowna,Councillor,Teresa May Teschner,,Brian Wilkins,72,,,,
Kelowna,Councillor,Laura Thurnheer,,Ann-Marie Cederholm,73,,,,
Kelowna,Councillor,Lee-Ann Tiede,,Shaun Everest,73,,,,
Kelowna,Councillor,Rick Webber,,Rick Webber,73,,,,
Kelowna,Councillor,Rob Wilkinson,,Rob Wilkinson,73,,,,
Kelowna,Mayor,Ron Cannan,,Juanita Gomes,73,,,,
Kelowna,Mayor,Tom Dyas,,Onn Chong,73,,,,
Kelowna,Mayor,Andrew Uitvlugt,,Andrew Uitvlugt,73,,,,
Kent,Councillor,Jed Koning,,Jed Koning,73,,,,
Kent,Councillor,Desi Naidoo,,Desi Naidoo,73,,,,
Kent,Councillor,Duane Post,,Duane Post,73,,,,
Kent,Councillor,Kerstin Schwichtenberg,,Kerstin Schwichtenberg,73,,,,
Kent,Councillor,Stan Watchorn,,Stan Watchorn,73,,,,
Kent,Mayor,Susan Spaeti,,Susan Spaeti,73,,,,
Keremeos,Councillor,Hayley Bennett,,Hayley Bennett,73,,,,
Keremeos,Councillor,Arlene Brenner,,Susan Dumaine,73,,,,
Keremeos,Councillor,Brent Corba,,Brent Corba,73,,,,
Keremeos,Councillor,Dion Eden,,Dion Eden,73,,,,
Keremeos,Councillor,Jeremy Evans,,Jeremy Evans,73,,,,
Keremeos,Councillor,David Lubbers,,David Lubbers,74,,,,
Keremeos,Councillor,Hailey Tingley,,Hailey Tingley,74,,,,
Keremeos,Mayor,Garry Elliott,,Garry Elliott,74,,,,
Keremeos,Mayor,Russ Hatt,,Russ Hatt,74,,,,
Keremeos,Mayor,Tracy Henderson,,Tracy Henderson,74,,,,
Keremeos,Mayor,Tyson Schmauder,,Tyson Schmauder,74,,,,
Kimberley,Councillor,Shara Bakos,,Shara Bakos,74,,,,
Kimberley,Councillor,Aubrey Blair-Pattison,,Aubrey Blair-Pattison,74,,,,
Kimberley,Councillor,Sue Cairns,,Daniel Bauer,74,,,,
Kimberley,Councillor,Kevin Dunnebacke,,Kevin Dunnebacke,74,,,,
Kimberley,Councillor,Grant Farquhar,,Richard Kavanagh,74,,,,
Kimberley,Councillor,Khadija Flynn,,Austin Flynn,74,,,,
Kimberley,Councillor,Travis Fooks,,Travis Fooks,74,,,,
Kimberley,Councillor,Diana Fox,,Diana Fox,74,,,,
Kimberley,Councillor,Craig Janzen,,Craig Janzen,74,,,,
Kimberley,Councillor,Scott MacLeod,,Scott MacLeod,74,,,,
Kimberley,Councillor,Woody Maguire,,Woody Maguire,74,,,,
Kimberley,Councillor,Michelle Nex,,Michelle Nex,74,,,,
Kimberley,Councillor,Angela Symes,,Angela Symes,75,,,,
Kimberley,Mayor,Powder Matt Mosteller,,Powder Matt Mosteller,75,,,,
Kimberley,Mayor,Sandra Roberts,,Sandra Roberts,75,,,,
Kitimat,Councillor,Louise Avery,,Louise Avery,75,,,,
Kitimat,Councillor,Edwin Empinado,,Edwin Empinado,75,,,,
Kitimat,Councillor,Mario Feldhoff,,Mario Feldhoff,75,,,,
Kitimat,Councillor,Linda Feuerhelm,,Linda Feuerhelm,75,,,,
Kitimat,Councillor,David Hamilton,,Cory Meszoly,75,,,,
Kitimat,Councillor,Gregory Judas,,Gregory Judas,75,,,,
Kitimat,Councillor,Katrina Kindrat,,Katrina Kindrat,75,,,,
Kitimat,Councillor,Gerry Leibel,,Gerry Leibel,75,,,,
Kitimat,Councillor,Michelle Martins,,Michelle Martins,75,,,,
Kitimat,Councillor,Ankur Patel,,Ankur Patel,75,,,,
Kitimat,Councillor,Adam Perry,,Adam Perry,75,,,,
Kitimat,Councillor,Graham Pitzel,,Graham Pitzel,75,,,,
Kitimat,Mayor,Daniel Boudreau,,Daniel Boudreau,75,,,,
Kitimat,Mayor,Philip Germuth,,Philip Germuth,75,,,,
Kitimat,Mayor,Terry Marleau,,Lorna Marleau,75,,,,
Kitimat-Stikine Regional District,Electoral Area Director,Bruce Bidgood,,Bruce Bidgood,76,,,,
Kitimat-Stikine Regional District,Electoral Area Director,David Brocklebank,,David Brocklebank,76,,,,
Kitimat-Stikine Regional District,Electoral Area Director,Tina Etzerza,,Tina Etzerza,76,,,,
Kitimat-Stikine Regional District,Electoral Area Director,Paul Harrison,,Paul Harrison,76,,,,
Kitimat-Stikine Regional District,Electoral Area Director,Matthew Hidasi,,Matthew Hidasi,76,,,,
Kitimat-Stikine Regional District,Electoral Area Director,Michael Maxim,,Michael Maxim,76,,,,
Kitimat-Stikine Regional District,Electoral Area Director,Danica Moore,,Danica Moore,76,,,,
Kitimat-Stikine Regional District,Electoral Area Director,Eric Nyce,,Eric Nyce,76,,,,
Kitimat-Stikine Regional District,Electoral Area Director,Ted Ramsey,,Ted Ramsey,76,,,,
Kitimat-Stikine Regional District,Electoral Area Director,Cyra Yunkws,,Cyra Yunkws,76,,,,
Kootenay Boundary Regional District,Electoral Area Director,Sharen Gibbs,,Sharen Gibbs,76,,,,
Kootenay Boundary Regional District,Electoral Area Director,Rocio Graham,,Michael Graham,76,,,,
Kootenay Boundary Regional District,Electoral Area Director,James McFaddin,,James McFaddin,76,,,,
Kootenay Boundary Regional District,Electoral Area Director,Rupert Oldroyd,,Rupert Oldroyd,76,,,,
Kootenay Boundary Regional District,Electoral Area Director,Linda Wiese,,Linda Wiese,76,,,,
Kootenay Boundary Regional District,Electoral Area Director,Linda Worley,,Linda Worley,76,,,,
Kootenay Columbia School District,Board of Education Trustee,Kristin Ali,,Kristin Ali,76,,,,
Kootenay Columbia School District,Board of Education Trustee,Darrel Ganzert,,Darrel Ganzert,76,,,,
Kootenay Columbia School District,Board of Education Trustee,Terry Hanik,,Terry Hanik,77,,,,
Kootenay Columbia School District,Board of Education Trustee,Kendra Mann,,Kendra Mann,77,,,,
Kootenay Columbia School District,Board of Education Trustee,Darilyn Simister,,Darilyn Simister,77,,,,
Kootenay Columbia School District,Board of Education Trustee,Gordon Smith,,Gordon Smith,77,,,,
Kootenay Columbia School District,Board of Education Trustee,Birkley Valks,,Victoria Valks,77,,,,
Kootenay Columbia School District,Board of Education Trustee,Mark Wilson,,Mark Wilson,77,,,,
Kootenay Columbia School District,Board of Education Trustee,Catherine Zaitsoff,,Catherine Zaitsoff,77,,,,
Kootenay Lake School District,Board of Education Trustee,Cody Beebe,,Cody Beebe,77,,,,
Kootenay Lake School District,Board of Education Trustee,Mary Blackmore,,Mary Blackmore,77,,,,
Kootenay Lake School District,Board of Education Trustee,Julie Bremner,,Julie Bremner,77,,,,
Kootenay Lake School District,Board of Education Trustee,Susan Chew,,Susan Chew,77,,,,
Kootenay Lake School District,Board of Education Trustee,Patton Gatto-Beebe,,Patton Gatto-Beebe,77,,,,
Kootenay Lake School District,Board of Education Trustee,Allan Gribbin,,Allan Gribbin,77,,,,
Kootenay Lake School District,Board of Education Trustee,Lynn Hango,,Lynn Hango,77,,,,
Kootenay Lake School District,Board of Education Trustee,Dawn Lang,,Dawn Lang,77,,,,
Kootenay Lake School District,Board of Education Trustee,Sarah Madsen,,Sarah Madsen,77,,,,
Kootenay Lake School District,Board of Education Trustee,Sharon Nazaroff,,Sharon Nazaroff,77,,,,
Kootenay Lake School District,Board of Education Trustee,Nicole Rhynold,,Nicole Rhynold,77,,,,
Kootenay Lake School District,Board of Education Trustee,Murray Shunter,,Murray Shunter,78,,,,
Kootenay Lake School District,Board of Education Trustee,Lenora Trenaman,,Lenora Trenaman,78,,,,
Kootenay Lake School District,Board of Education Trustee,Clements Verhoeven,,Clements Verhoeven,78,,,,
Kwsaltktnews ne Secwepemcul'ecw School District,Board of Education Trustee,Claire Askew,,Claire Askew,78,,,,
Kwsaltktnews ne Secwepemcul'ecw School District,Board of Education Trustee,Brent Gennings,,Brent Gennings,78,,,,
Kwsaltktnews ne Secwepemcul'ecw School District,Board of Education Trustee,Corryn Grayston,,Corryn Grayston,78,,,,
Kwsaltktnews ne Secwepemcul'ecw School District,Board of Education Trustee,Roxanne Landry,,Roxanne Landry,78,,,,
Kwsaltktnews ne Secwepemcul'ecw School District,Board of Education Trustee,Linda Martens,,Linda Martens,78,,,,
Kwsaltktnews ne Secwepemcul'ecw School District,Board of Education Trustee,Melissa Parmenter,,Melissa Parmenter,78,,,,
Kwsaltktnews ne Secwepemcul'ecw School District,Board of Education Trustee,Tracy Riley,,Tracy Riley,78,,,,
Ladysmith,Councillor,Stephen Halliday,,Stephen Halliday,78,,,,
Ladysmith,Councillor,Lynn Hansen,,Lynn Hansen,78,,,,
Ladysmith,Councillor,Tee Hanssen,,Tee Hanssen,78,,,,
Ladysmith,Councillor,Renee Hutchinson,,Leah Henn,78,,,,
Ladysmith,Councillor,April Marrington,,April Marrington,78,,,,
Ladysmith,Councillor,Bethea Penny,,Bethea Penny,78,,,,
Ladysmith,Councillor,John Scott,,John Scott,78,,,,
Ladysmith,Councillor,Eva Vincent,,Eva Vincent,79,,,,
Ladysmith,Councillor,Jeff Virtanen,,Jeff Virtanen,79,,,,
Ladysmith,Mayor,Deena Beeston,,Vince Herkel,79,,,,
Ladysmith,Mayor,Ray Gourlay,,Ray Gourlay,79,,,,
Lake Country,Councillor,Tricia Brett,,Brett Kelly,79,,,,
Lake Country,Councillor,Lynn Bursaw,,Lynn Bursaw,79,,,,
Lake Country,Councillor,Rodi Gorrell,,Rodi Gorrell,79,,,,
Lake Country,Councillor,Heather Irvine,,Heather Irvine,79,,,,
Lake Country,Councillor,Kent Johnson,,Kent Johnson,79,,,,
Lake Country,Councillor,Tyler Kraushar,,Tyler Kraushar,79,,,,
Lake Country,Councillor,Michael Lewis,,Georgilynn Lewis,79,,,,
Lake Country,Councillor,Todd McKenzie,,Todd McKenzie,79,,,,
Lake Country,Councillor,Bib Patel,,Bib Patel,79,,,,
Lake Country,Councillor,Kristi Reich,,Kristi Reich,79,,,,
Lake Country,Councillor,Jeff Schall,,Jeff Schall,79,,,,
Lake Country,Councillor,Anna Scott,,Anna Scott,79,,,,
Lake Country,Councillor,Ian Scromeda,,Ian Scromeda,79,,,,
Lake Country,Councillor,Tony White,,Tony White,79,,,,
Lake Country,Mayor,Priscila Brunetto,,Priscila Brunetto,80,,,,
Lake Country,Mayor,Blair Ireland,,June Ireland,80,,,,
Lake Cowichan,Councillor,Aaron Frisby,,Aaron Frisby,80,,,,
Lake Cowichan,Councillor,Bill Garrett,,Bill Garrett,80,,,,
Lake Cowichan,Councillor,Bill Hieta,,Bill Hieta,80,,,,
Lake Cowichan,Councillor,John Koury,,John Koury,80,,,,
Lake Cowichan,Councillor,Dale Plante,,Dale Plante,80,,,,
Lake Cowichan,Councillor,Kristine Sandhu,,Kristine Sandhu,80,,,,
Lake Cowichan,Councillor,Lorna Vomacka,,Lorna Vomacka,80,,,,
Lake Cowichan,Mayor,Ross Forrest,,Ross Forrest,80,,,,
Lake Cowichan,Mayor,Tim R.L. McGonigle,,Tim R.L. McGonigle,80,,,,
Langford,Councillor,Shawn Blair,,Shawn Blair,80,,,,
Langford,Councillor,Jennifer Dunnett,,Christopher Glover,80,,,,
Langford,Councillor,Lisa Foxall,,Christopher Foxall,80,,,,
Langford,Councillor,Brandy Gordon,,Amy Blatchford,80,,,,
Langford,Councillor,Kimberley Guiry,,Kimberley Guiry,80,,,,
Langford,Councillor,Colby Harder,,Colby Harder,80,,,,
Langford,Councillor,Bryson Hill,,Ian Taylor,80,,,,
Langford,Councillor,Trevor Hinton,,Trevor Hinton,81,,,,
Langford,Councillor,Wendy Hobbs,,Wendy Hobbs,81,,,,
Langford,Councillor,Andrew Jackson,,Andrew Jackson,81,,,,
Langford,Councillor,Alexander McLeod,,Alexander McLeod,81,,,,
Langford,Councillor,Michael Mortimore,,Michael Mortimore,81,,,,
Langford,Councillor,Matt Sahlstrom,,Beverley Sahlstrom,81,,,,
Langford,Councillor,Tanya Sunshine,,Robert Szpak,81,,,,
Langford,Councillor,Mary Wagner,,Mary Wagner,81,,,,
Langford,Councillor,Keith Yacucha,,Keith Yacucha,81,,,,
Langford,Mayor,Scott Goodmanson,,Scott Goodmanson,81,,,,
Langford,Mayor,Stew Young,,Luke Murphy,81,,,,
Langley School District,Board of Education Trustee,Candy Ashdown,Langley Strong,Dallas Froese,81,,,,
Langley School District,Board of Education Trustee,Marshall Austin,,Marshall Austin,81,,,,
Langley School District,Board of Education Trustee,Matt Burck,Progress for Langley,Eric Woodward,81,,,,
Langley School District,Board of Education Trustee,Celene Hoag,,Celene Hoag,81,,,,
Langley School District,Board of Education Trustee,Kathie Dalziel,Langley Strong,Dallas Froese,81,,,,
Langley School District,Board of Education Trustee,Holly Dickinson,Langley Strong,Dallas Froese,81,,,,
Langley School District,Board of Education Trustee,Jennifer Elderkin,,Jennifer Elderkin,81,,,,
Langley School District,Board of Education Trustee,Jared Evans,,Tammy Radmore,82,,,,
Langley School District,Board of Education Trustee,Charlie Fox,Langley Strong,Dallas Froese,82,,,,
Langley School District,Board of Education Trustee,Alex Joehl,,Alex Joehl,82,,,,
Langley School District,Board of Education Trustee,Olivia Lake de Meza,Progress for Langley,Eric Woodward,82,,,,
Langley School District,Board of Education Trustee,Norma Jean Maxwell,Progress for Langley,Eric Woodward,82,,,,
Langley School District,Board of Education Trustee,Tina Patterson,,Tina Patterson,82,,,,
Langley School District,Board of Education Trustee,Betty Siegel,Progress for Langley,Eric Woodward,82,,,,
Langley School District,Board of Education Trustee,Sean Stevenson,Progress for Langley,Eric Woodward,82,,,,
Langley School District,Board of Education Trustee,Carlos Suarez Rubio,,Carlos Suarez Rubio,82,,,,
Langley School District,Board of Education Trustee,Neil Turner,Langley Strong,Dallas Froese,82,,,,
Langley School District,Board of Education Trustee,Blake Venechuk,,Mackenzie de la Garza,82,,,,
Langley School District,Board of Education Trustee,Tony Ward,Langley Strong,Dallas Froese,82,,,,
Langley School District,Board of Education Trustee,Laura Wierenga,,Laura Wierenga,82,,,,
"Langley, City of",Councillor,Paul Albrecht,Langley City First,Albert Chen,82,,,,
"Langley, City of",Councillor,Shawn Caldera,Langley City First,Albert Chen,82,,,,
"Langley, City of",Councillor,Jennifer Denman,,Jennifer Denman,82,,,,
"Langley, City of",Councillor,Gurjit Dhillon,,Gurjit Dhillon,82,,,,
"Langley, City of",Councillor,Bruce Downing,,Bruce Downing,82,,,,
"Langley, City of",Councillor,Andrew Flitton,Achieving for Langley City,Andrew Flitton,83,,,,
"Langley, City of",Councillor,Michael Hylands,Achieving for Langley City,Michael Hylands,83,,,,
"Langley, City of",Councillor,Jeff Jacobs,Langley City First,Albert Chen,83,,,,
"Langley, City of",Councillor,Heather Jenkins,Langley City First,Albert Chen,83,,,,
"Langley, City of",Councillor,Rick Orlando,Achieving for Langley City,Rick Orlando,83,,,,
"Langley, City of",Councillor,Samuel Otim,,Fluer Otim,83,,,,
"Langley, City of",Councillor,Simi Rajput,Achieving for Langley City,Simi Rajput,83,,,,
"Langley, City of",Councillor,Mike Solyom,Langley City First,Albert Chen,83,,,,
"Langley, City of",Councillor,Scott Thompson,Achieving for Langley City,Scott Thompson,83,,,,
"Langley, City of",Councillor,Val Van Den Broek,,Val Van Den Broek,83,,,,
"Langley, City of",Councillor,Rosemary Wallace,Langley City First,Albert Chen,83,,,,
"Langley, City of",Mayor,Delaney Mack,Achieving for Langley City,Delaney Mack,83,,,,
"Langley, City of",Mayor,Nathan Pachal,Langley City First,Albert Chen,83,,,,
"Langley, Township of",Councillor,Tim Baillie,Progress for Langley,Eric Woodward,83,,,,
"Langley, Township of",Councillor,Lauren Chalus,,Dallas Froese,83,,,,
"Langley, Township of",Councillor,Steve Ferguson,Progress for Langley,Eric Woodward,83,,,,
"Langley, Township of",Councillor,Shumail Javed,Langley Strong,Dallas Froese,83,,,,
"Langley, Township of",Councillor,June Park,Progress for Langley,Eric Woodward,83,,,,
"Langley, Township of",Councillor,Margaret Kunst,Langley Strong,Dallas Froese,83,,,,
"Langley, Township of",Councillor,Barb Martens,Langley Strong,Dallas Froese,84,,,,
"Langley, Township of",Councillor,Benjamin Neff,,Margaret Hsieh,84,,,,
"Langley, Township of",Councillor,Mike Parker,,Mike Parker,84,,,,
"Langley, Township of",Councillor,Michael V. Pratt,Progress for Langley,Eric Woodward,84,,,,
"Langley, Township of",Councillor,Sarb Rai,Progress for Langley,Eric Woodward,84,,,,
"Langley, Township of",Councillor,Kim Richter,Langley Strong,Dallas Froese,84,,,,
"Langley, Township of",Councillor,Rob Rindt,Progress for Langley,Eric Woodward,84,,,,
"Langley, Township of",Councillor,Tess Rouse,Progress for Langley,Eric Woodward,84,,,,
"Langley, Township of",Councillor,Resha Sabti,,Resha Sabti,84,,,,
"Langley, Township of",Councillor,Andy Shen,,Andy Shen,84,,,,
"Langley, Township of",Councillor,Michele St. Germain,Progress for Langley,Eric Woodward,84,,,,
"Langley, Township of",Councillor,Teresa Townsley,Langley Strong,Dallas Froese,84,,,,
"Langley, Township of",Councillor,Leith White,,Paul Walker,84,,,,
"Langley, Township of",Councillor,Blair Whitmarsh,Langley Strong,Dallas Froese,84,,,,
"Langley, Township of",Mayor,Jay Lundgren,Langley Strong,Dallas Froese,84,,,,
"Langley, Township of",Mayor,Eric Woodward,Progress for Langley,Eric Woodward,84,,,,
Lantzville,Councillor,John Dunn,,John Dunn,84,,,,
Lantzville,Councillor,Lee Forsyth,,Lee Forsyth,84,,,,
Lantzville,Councillor,Hazen Fowler,,Hazen Fowler,85,,,,
Lantzville,Councillor,Jonathan Lerner,,Jonathan Lerner,85,,,,
Lantzville,Councillor,Scott Mack,,Scott Mack,85,,,,
Lantzville,Councillor,Rachelle Mundell,,Rachelle Mundell,85,,,,
Lantzville,Councillor,Ian Savage,,Ian Savage,85,,,,
Lantzville,Councillor,John Westby,,John Westby,85,,,,
Lantzville,Mayor,Mark Swain,,Mark Swain,85,,,,
Lillooet,Councillor,Kevin Aitken,,Kevin Aitken,85,,,,
Lillooet,Councillor,Camille MacTavish,,Camille MacTavish,85,,,,
Lillooet,Councillor,Randy McNary,,Randy McNary,85,,,,
Lillooet,Councillor,Sam Quinlan,,Sam Quinlan,85,,,,
Lillooet,Councillor,Jonah Timms,,Elizabeth Juras,85,,,,
Lillooet,Mayor,Laurie Hopfl,,Laurie Hopfl,85,,,,
Lions Bay,Councillor,Neville Abbott,,Neville Abbott,85,,,,
Lions Bay,Councillor,Eric Balac,,Eric Balac,85,,,,
Lions Bay,Councillor,Jaime Cunliffe,,Jaime Cunliffe,85,,,,
Lions Bay,Councillor,Carmon Leeson,,Carmon Leeson,85,,,,
Lions Bay,Councillor,Ehsan Monfared,,Ehsan Monfared,85,,,,
Lions Bay,Councillor,Leslie Nolin,,Mohammed Kassam,86,,,,
Lions Bay,Councillor,Adam Solheim,,Adam Solheim,86,,,,
Lions Bay,Councillor,Chris Stevens,,Chris Stevens,86,,,,
Lions Bay,Mayor,Michael Broughton,,Michael Broughton,86,,,,
Lions Bay,Mayor,Ron McLaughlin,,Mary McLaughlin,86,,,,
Logan Lake,Councillor,Clint Bernier,,Clint Bernier,86,,,,
Logan Lake,Councillor,Eric Bly,,Eric Bly,86,,,,
Logan Lake,Councillor,Amber Chong,,Amber Chong,86,,,,
Logan Lake,Councillor,Toby Forrest,,Toby Forrest,86,,,,
Logan Lake,Councillor,Tristan Gillis,,Tristan Gillis,86,,,,
Logan Lake,Councillor,Nicole Hampton-Montgomery,,Nicole Hampton-Montgomery,86,,,,
Logan Lake,Councillor,Peter Martell,,Peter Martell,86,,,,
Logan Lake,Councillor,Jim McNeely,,Jim McNeely,86,,,,
Logan Lake,Mayor,Robin Smith,,Robin Smith,86,,,,
Lumby,Councillor,Geoff Bevan,,Geoff Bevan,86,,,,
Lumby,Councillor,Sherry Kineshanko,,Sherry Kineshanko,86,,,,
Lumby,Councillor,Lori Mindnich,,Lori Mindnich,86,,,,
Lumby,Councillor,Randal Ostafichuk,,Randal Ostafichuk,86,,,,
Lumby,Mayor,Kevin Acton,,Kevin Acton,87,,,,
Lumby,Mayor,Bradley Ulyn Charles Weston,,Bradley Ulyn Charles Weston,87,,,,
Lytton,Councillor,Kathryn Brooks,,Kathryn Brooks,87,,,,
Lytton,Councillor,Jessoa Lightfoot,,Jessoa Lightfoot,87,,,,
Lytton,Councillor,Nonie McCann,,Nonie McCann,87,,,,
Lytton,Councillor,Melissa Michell,,Melissa Michell,87,,,,
Lytton,Councillor,Venkat Sajja,,Venkat Sajja,87,,,,
Lytton,Councillor,Byron Spinks,,Byron Spinks,87,,,,
Lytton,Mayor,Denise O'Connor,,Denise O'Connor,87,,,,
Lytton,Mayor,Jennifer Thoss,,Jennifer Thoss,87,,,,
Mackenzie,Councillor,Joan Atkinson,,Joan Atkinson,87,,,,
Mackenzie,Councillor,Viktor Brumovsky,,Viktor Brumovsky,87,,,,
Mackenzie,Councillor,Jeff Close,,Jeff Close,87,,,,
Mackenzie,Councillor,Amy Coates,,Amy Coates,87,,,,
Mackenzie,Councillor,Martin Delasablonniere,,Martin Delasablonniere,87,,,,
Mackenzie,Councillor,Ken Gawryluk,,Ken Gawryluk,87,,,,
Mackenzie,Councillor,Cassandra Jones,,Cassandra Jones,87,,,,
Mackenzie,Councillor,Jayson Minion,,Jayson Minion,87,,,,
Mackenzie,Councillor,Janice Nelson,,Janice Nelson,88,,,,
Mackenzie,Councillor,Karl Peet,,Karl Peet,88,,,,
Mackenzie,Councillor,Kyle Tapper,,Kyle Tapper,88,,,,
Mackenzie,Councillor,Rachael Weber,,Rachael Weber,88,,,,
Mackenzie,Councillor,Kathleen Westergaard,,Kathleen Westergaard,88,,,,
Mackenzie,Councillor,Jesse Wright,,Jesse Wright,88,,,,
Mackenzie,Mayor,Michael Hendrickson,,Michael Hendrickson,88,,,,
Mackenzie,Mayor,Pete Kyllo,,Pete Kyllo,88,,,,
Maple Ridge,Councillor,Kristina Brown,,Kristina Brown,88,,,,
Maple Ridge,Councillor,Leah Campbell,,Leah Campbell,88,,,,
Maple Ridge,Councillor,Korleen Carreras,A Better Maple Ridge,Korleen Carreras,88,,,,
Maple Ridge,Councillor,Bob D'Eith,A Better Maple Ridge,Bob D'Eith,88,,,,
Maple Ridge,Councillor,Judy Dueck,,Judy Dueck,88,,,,
Maple Ridge,Councillor,Ken Holland,,Ken Holland,88,,,,
Maple Ridge,Councillor,Derek Jeffery,,Derek Jeffery,88,,,,
Maple Ridge,Councillor,Bhupinder Johar,A Better Maple Ridge,Bhupinder Johar,88,,,,
Maple Ridge,Councillor,Lou Jose,,Lou Jose,88,,,,
Maple Ridge,Councillor,Leanne Koehn,A Better Maple Ridge,Kirk Grayson,88,,,,
Maple Ridge,Councillor,Andrew Laity,,Andrew Laity,89,,,,
Maple Ridge,Councillor,Chelsa Meadus,,Chelsa Meadus,89,,,,
Maple Ridge,Councillor,Inya Mitrovic,,Inya Mitrovic,89,,,,
Maple Ridge,Councillor,Mike Morden,,Mike Morden,89,,,,
Maple Ridge,Councillor,Steven Muise,,Steven Muise,89,,,,
Maple Ridge,Councillor,Cindy-Lea Stephenson,,Theresa Enns,89,,,,
Maple Ridge,Councillor,Ryan Svendsen,,Ryan Svendsen,89,,,,
Maple Ridge,Mayor,Jerry Kok,,Jerry Kok,89,,,,
Maple Ridge,Mayor,Dan Ruimy,A Better Maple Ridge,Debra Carr,89,,,,
Maple Ridge-Pitt Meadows School District,Board of Education Trustee,Kourosh Ahmadian,,Kourosh Ahmadian,89,,,,
Maple Ridge-Pitt Meadows School District,Board of Education Trustee,Aidan Allenbuckle,,Aidan Allenbuckle,89,,,,
Maple Ridge-Pitt Meadows School District,Board of Education Trustee,Trudi Appleton,,Trudi Appleton,89,,,,
Maple Ridge-Pitt Meadows School District,Board of Education Trustee,Mark Bailey,,Mark Bailey,89,,,,
Maple Ridge-Pitt Meadows School District,Board of Education Trustee,Deepa Bissessur,,Deepa Bissessur,89,,,,
Maple Ridge-Pitt Meadows School District,Board of Education Trustee,Paul Davidson,,Cynthia Davidson,89,,,,
Maple Ridge-Pitt Meadows School District,Board of Education Trustee,Emily Haugen,,Emily Haugen,89,,,,
Maple Ridge-Pitt Meadows School District,Board of Education Trustee,Owen MacGregor,,Owen MacGregor,89,,,,
Maple Ridge-Pitt Meadows School District,Board of Education Trustee,Jacquie Montgomery,,Jacquie Montgomery,89,,,,
Maple Ridge-Pitt Meadows School District,Board of Education Trustee,Mike Murray,,Nancy Murray,90,,,,
Maple Ridge-Pitt Meadows School District,Board of Education Trustee,Karen Redkwich,,Karen Redkwich,90,,,,
Maple Ridge-Pitt Meadows School District,Board of Education Trustee,James Rowley,,James Rowley,90,,,,
Maple Ridge-Pitt Meadows School District,Board of Education Trustee,Chris Sandve,,Chris Sandve,90,,,,
Maple Ridge-Pitt Meadows School District,Board of Education Trustee,Pascale Shaw,,William Ingledew,90,,,,
Maple Ridge-Pitt Meadows School District,Board of Education Trustee,Terra Slade,,Terra Slade,90,,,,
Maple Ridge-Pitt Meadows School District,Board of Education Trustee,Jeff Stromgren,,Jeff Stromgren,90,,,,
Maple Ridge-Pitt Meadows School District,Board of Education Trustee,Brad Tones,,Brad Tones,90,,,,
Maple Ridge-Pitt Meadows School District,Board of Education Trustee,Nicole Trudeau,,Nicole Trudeau,90,,,,
Maple Ridge-Pitt Meadows School District,Board of Education Trustee,Crystal Warner,,Darryl Warner,90,,,,
Maple Ridge-Pitt Meadows School District,Board of Education Trustee,Don Wilson,,Don Wilson,90,,,,
Maple Ridge-Pitt Meadows School District,Board of Education Trustee,Elaine Yamamoto,,Elaine Yamamoto,90,,,,
Masset,Councillor,Jim Currie,,Jim Currie,90,,,,
Masset,Councillor,Jody Grange,,Jody Grange,90,,,,
Masset,Councillor,Bret Johnston,,Bret Johnston,90,,,,
Masset,Councillor,Martin Lewis,,Martin Lewis,90,,,,
Masset,Councillor,Robert Morton,,Robert Morton,90,,,,
Masset,Councillor,Susan Musgrave,,Susan Musgrave,91,,,,
Masset,Councillor,Peter Sloan,,Peter Sloan,91,,,,
Masset,Councillor,Kate Stichbury,,Kate Stichbury,91,,,,
Masset,Mayor,Barry Pages,,Barry Pages,91,,,,
McBride,Councillor,Jasper Bender,,Jasper Bender,91,,,,
McBride,Councillor,Tina Bennett,,Tina Bennett,91,,,,
McBride,Councillor,Glen Frear,,Glen Frear,91,,,,
McBride,Councillor,Sharon Glover,,Sharon Glover,91,,,,
McBride,Councillor,Cassandra Johnson,,Cassandra Johnson,91,,,,
McBride,Councillor,Meagan Ryan,,Meagan Ryan,91,,,,
McBride,Councillor,Rick Schafer,,Rick Schafer,91,,,,
McBride,Councillor,Kat Vickery,,Kat Vickery,91,,,,
McBride,Mayor,Erik Antypov,,Malachi Block,91,,,,
McBride,Mayor,Joe Kolida,,Joe Kolida,91,,,,
McBride,Mayor,Gene Runtz,,Gene Runtz,91,,,,
McBride,Mayor,Cody Yetter,,Cody Yetter,91,,,,
Merritt,Councillor,Yvette Baxter,,Yvette Baxter,91,,,,
Merritt,Councillor,Wendy Charney,,Wendy Charney,91,,,,
Merritt,Councillor,Dana Egan,,Dana Egan,92,,,,
Merritt,Councillor,Adam Etchart,,Adam Etchart,92,,,,
Merritt,Councillor,Manuel Olguin,,Manuel Olguin,92,,,,
Merritt,Councillor,Paul Petroczi,,Paul Petroczi,92,,,,
Merritt,Councillor,Steve Pimm,,Steve Pimm,92,,,,
Merritt,Councillor,Melvina White,,Melvina White,92,,,,
Merritt,Mayor,Michael Goetz,,Michael Goetz,92,,,,
Merritt,Mayor,Gordon Keyser,,Gordon Keyser,92,,,,
Metchosin,Councillor,Shelly Donaldson,,Alaine Polinsky,92,,,,
Metchosin,Councillor,Ellen Frisch,,Cheryl Mackie,92,,,,
Metchosin,Councillor,Kyara Kahakauwila,,Derrold Norgaard,92,,,,
Metchosin,Councillor,Mattie McMillan,,Mattie McMillan,92,,,,
Metchosin,Councillor,Mark Muldoon,,Mary McCloskey,92,,,,
Metchosin,Councillor,Jesse Pewarchuk,,Judy Roper,92,,,,
Metchosin,Councillor,Eric White,,Eric White,92,,,,
Metchosin,Mayor,Steve Gray,,Carol Voyt,92,,,,
Metchosin,Mayor,Marie-Térèse Little,,Marie-Térèse Little,92,,,,
Metchosin,Mayor,Shawn Melinchuk,,Shawn Melinchuk,92,,,,
Metro Vancouver Regional District,Electoral Area Director,David Hocking,,David Hocking,92,,,,
Metro Vancouver Regional District,Electoral Area Director,Brian Savage,,Brian Savage,93,,,,
Midway,Councillor,Darrin Metcalf,,Darrin Metcalf,93,,,,
Midway,Councillor,Michaela Parrott,,Michaela Parrott,93,,,,
Midway,Councillor,Aaron Pownall,,Aaron Pownall,93,,,,
Midway,Councillor,Gary Schierbeck,,Gary Schierbeck,93,,,,
Midway,Councillor,Judy Willsey,,Judy Willsey,93,,,,
Midway,Mayor,Richard Dunsdon,,Richard Dunsdon,93,,,,
Midway,Mayor,Martin Fromme,,Martin Fromme,93,,,,
Midway,Mayor,Doug McMynn,,Doug McMynn,93,,,,
Mission,Councillor,Earl Babich,,Earl Babich,93,,,,
Mission,Councillor,Jash Bains,,Jash Bains,93,,,,
Mission,Councillor,Adam Boyd,,Adam Boyd,93,,,,
Mission,Councillor,Mark Davies,,Mark Davies,93,,,,
Mission,Councillor,Dave Hartnell,,Dave Hartnell,93,,,,
Mission,Councillor,Ken Herar,,Katherine York,93,,,,
Mission,Councillor,Rob Jackson,,Rob Jackson,93,,,,
Mission,Councillor,Ramneek Kaloya,,Ramneek Kaloya,93,,,,
Mission,Councillor,Aman Khera,,Aman Khera,93,,,,
Mission,Councillor,Candace Koch,,Candace Koch,94,,,,
Mission,Councillor,Norm MacLeod,,Norm MacLeod,94,,,,
Mission,Councillor,Martin Marinutti,,Martin Marinutti,94,,,,
Mission,Councillor,Jay Matte,,Jay Matte,94,,,,
Mission,Councillor,Kary Maxwell,,Kary Maxwell,94,,,,
Mission,Councillor,Lucas McKinnon,,Lucas McKinnon,94,,,,
Mission,Councillor,Steven McLay,,Steven McLay,94,,,,
Mission,Councillor,Inder Narwal,,Inder Narwal,94,,,,
Mission,Councillor,Kostas Papadopoulos,,Tracey Williams,94,,,,
Mission,Councillor,Dave Perritt,,Dave Perritt,94,,,,
Mission,Councillor,Danny Plecas,,Danny Plecas,94,,,,
Mission,Councillor,Maria Polounine,,Maria Polounine,94,,,,
Mission,Councillor,Manny Rai,,Manny Rai,94,,,,
Mission,Councillor,Sharon Sandhu,,Sharon Sandhu,94,,,,
Mission,Councillor,Gary Sanghera,,Gary Sanghera,94,,,,
Mission,Councillor,Rav Sanghera,,Rav Sanghera,94,,,,
Mission,Councillor,Akanshaa Saxsena,,Akanshaa Saxsena,94,,,,
Mission,Councillor,Nelson Tilbury,,Sandy Tilbury,94,,,,
Mission,Mayor,H.S. Kenny Braich,,H.S. Kenny Braich,95,,,,
Mission,Mayor,Jag Gill,,Jag Gill,95,,,,
Mission School District,Board of Education Trustee,Shelley Carter,,Shelley Carter,95,,,,
Mission School District,Board of Education Trustee,Ginny Conroy,,David Haughan,95,,,,
Mission School District,Board of Education Trustee,Ken Critchley,,Ken Critchley,95,,,,
Mission School District,Board of Education Trustee,Paul Gill,,Paul Gill,95,,,,
Mission School District,Board of Education Trustee,Linda Hamel,,Linda Hamel,95,,,,
Mission School District,Board of Education Trustee,Robert Jackson,,Robert Jackson,95,,,,
Mission School District,Board of Education Trustee,Ramneek Kaloya,,Ramneek Kaloya,95,,,,
Mission School District,Board of Education Trustee,Tracy Loffler,,Tracy Loffler,95,,,,
Mission School District,Board of Education Trustee,Shiv Rai,,Shiv Rai,95,,,,
Mission School District,Board of Education Trustee,Meena Saggu,,Meena Saggu,95,,,,
Mission School District,Board of Education Trustee,Sherry Sanghera,,Sherry Sanghera,95,,,,
Mission School District,Board of Education Trustee,Manshant Sidhu,,Manshant Sidhu,95,,,,
Mission School District,Board of Education Trustee,Jacquelyn Wickham,,Jacquelyn Wickham,95,,,,
Montrose,Councillor,Cindy Cook,,Cindy Cook,95,,,,
Montrose,Councillor,Russ Cooper,,Russ Cooper,95,,,,
Montrose,Councillor,Rory Steep,,Rory Steep,95,,,,
Montrose,Councillor,Bill Thatcher,,Bill Thatcher,96,,,,
Montrose,Mayor,Mike Walsh,,Mike Walsh,96,,,,
Mount Waddington Regional District,Electoral Area Director,Andrew Hory,,Andrew Hory,96,,,,
Mount Waddington Regional District,Electoral Area Director,Guyiaine Longpré,,Guyiaine Longpré,96,,,,
Mount Waddington Regional District,Electoral Area Director,Michelle Pottage,,Michelle Pottage,96,,,,
Mount Waddington Regional District,Electoral Area Director,Brent Schmidt,,Brent Schmidt,96,,,,
Mount Waddington Regional District,Electoral Area Director,Kathryn Wykes,,Kathryn Wykes,96,,,,
Mount Waddington Regional District,Local Community Commissioner,Ann Hory,,Ann Hory,96,,,,
Mount Waddington Regional District,Local Community Commissioner,Sara Perkovich,,Sara Perkovich,96,,,,
Nakusp,Councillor,David Dudar,,David Dudar,96,,,,
Nakusp,Councillor,Dolly Edwards,,Dolly Edwards,96,,,,
Nakusp,Councillor,Joseph Hughes,,Joseph Hughes,96,,,,
Nakusp,Councillor,Tina Knooihuizen,,Tina Knooihuizen,96,,,,
Nakusp,Councillor,Cameron Leitch,,Cameron Leitch,96,,,,
Nakusp,Councillor,Kenneth McLaren-Caux,,Kenneth McLaren-Caux,96,,,,
Nakusp,Councillor,Ken Miller,,Ken Miller,96,,,,
Nakusp,Councillor,Tania Quigley,,Tania Quigley,96,,,,
Nakusp,Councillor,Michele Williams,,Michele Williams,96,,,,
Nakusp,Mayor,Tom Zeleznik,,Tom Zeleznik,97,,,,
Nanaimo,Councillor,Jeff Annesley,REAL,Jeff Annesley,97,,,,
Nanaimo,Councillor,Sheryl Armstrong,,Sheryl Armstrong,97,,,,
Nanaimo,Councillor,Sandy Bartlett,REAL,Sandy Bartlett,97,,,,
Nanaimo,Councillor,Ken Bennett,,Ken Bennett,97,,,,
Nanaimo,Councillor,Marnie Boers,,Marnie Boers,97,,,,
Nanaimo,Councillor,Jacqueline Bolen,,Jacqueline Bolen,97,,,,
Nanaimo,Councillor,Mark Chandler,,Mark Chandler,97,,,,
Nanaimo,Councillor,Paul Chapman,,Paul Chapman,97,,,,
Nanaimo,Councillor,Malcolm Cooke,REAL,Malcolm Cooke,97,,,,
Nanaimo,Councillor,Andréa Coutu,,Basirat Mohammed,97,,,,
Nanaimo,Councillor,Shane Crawley,,Shane Crawley,97,,,,
Nanaimo,Councillor,Ryan Djakovic,,Ryan Djakovic,97,,,,
Nanaimo,Councillor,Hilary Eastmure,,Hilary Eastmure,97,,,,
Nanaimo,Councillor,Joe Figel,REAL,Joe Figel,97,,,,
Nanaimo,Councillor,Meg Fyfe Watkins,,Meg Fyfe Watkins,97,,,,
Nanaimo,Councillor,Ben Geselbracht,,Ben Geselbracht,97,,,,
Nanaimo,Councillor,Bryan Gordon,REAL,Bryan Gordon,97,,,,
Nanaimo,Councillor,Anita Greer,,Anita Greer,97,,,,
Nanaimo,Councillor,Patrick Gunville,,Patrick Gunville,97,,,,
Nanaimo,Councillor,Derek Hanna,REAL,Derek Hanna,98,,,,
Nanaimo,Councillor,Richard Harlow,,Richard Harlow,98,,,,
Nanaimo,Councillor,Erin Hemmens,,Erin Hemmens,98,,,,
Nanaimo,Councillor,Steven Johns,,Laura Shanner,98,,,,
Nanaimo,Councillor,Cameron Leckenby,,Cameron Leckenby,98,,,,
Nanaimo,Councillor,Max MacKay,,Max MacKay,98,,,,
Nanaimo,Councillor,Paul Manly,,Paul Manly,98,,,,
Nanaimo,Councillor,Bryant Marshall,,Bryant Marshall,98,,,,
Nanaimo,Councillor,Bill McKay,,Wayne Stuart,98,,,,
Nanaimo,Councillor,Andrew Merilees,,Andrew Merilees,98,,,,
Nanaimo,Councillor,Matthew Miller,,Matthew Miller,98,,,,
Nanaimo,Councillor,Zaki Mohammed,,Zaki Mohammed,98,,,,
Nanaimo,Councillor,Rod Moreno,,Rod Moreno,98,,,,
Nanaimo,Councillor,Janice Perrino,,Janice Perrino,98,,,,
Nanaimo,Councillor,Rob Phelan,,Rob Phelan,98,,,,
Nanaimo,Councillor,Frank Pluta,REAL,Frank Pluta,98,,,,
Nanaimo,Councillor,Austin Seng,,Austin Seng,98,,,,
Nanaimo,Councillor,Holden Southward,,Holden Southward,98,,,,
Nanaimo,Councillor,Ian Thorpe,,Ian Thorpe,98,,,,
Nanaimo,Councillor,Paul Van Ryssel,,Rimpy Mahal,99,,,,
Nanaimo,Councillor,Angela Waldick,,Angela Waldick,99,,,,
Nanaimo,Mayor,Brunie Brunie,,Brunie Brunie,99,,,,
Nanaimo,Mayor,Anne Marie Dryden,REAL,Anne Marie Dryden,99,,,,
Nanaimo,Mayor,Leonard Krog,,Flora Stupich,99,,,,
Nanaimo,Mayor,Sarah Lovegrove,,Brent Rushton,99,,,,
Nanaimo Ladysmith School District,Board of Education Trustee,Tania Brzovic,,Tania Brzovic,99,,,,
Nanaimo Ladysmith School District,Board of Education Trustee,Adrianne Cafariello,,Adrianne Cafariello,99,,,,
Nanaimo Ladysmith School District,Board of Education Trustee,Kailey Gillam,,Kailey Gillam,99,,,,
Nanaimo Ladysmith School District,Board of Education Trustee,Tim Harris,,Tim Harris,99,,,,
Nanaimo Ladysmith School District,Board of Education Trustee,Jordana Kirkman,,Jordana Kirkman,99,,,,
Nanaimo Ladysmith School District,Board of Education Trustee,Leanne Lee,,Leanne Lee,99,,,,
Nanaimo Ladysmith School District,Board of Education Trustee,Zeni Maartman,,Zeni Maartman,99,,,,
Nanaimo Ladysmith School District,Board of Education Trustee,Fred Macdonald,,Fred Macdonald,99,,,,
Nanaimo Ladysmith School District,Board of Education Trustee,Chantelle Morvay,,Chantelle Morvay,99,,,,
Nanaimo Ladysmith School District,Board of Education Trustee,Leana Pellegrin,,Leana Pellegrin,99,,,,
Nanaimo Ladysmith School District,Board of Education Trustee,Mark Allan Robinson,,Mark Allan Robinson,99,,,,
Nanaimo Ladysmith School District,Board of Education Trustee,Tom Rokeby,,Kimberly Wilson,99,,,,
Nanaimo Regional District,Electoral Area Director,Chris Burger,,Chris Burger,100,,,,
Nanaimo Regional District,Electoral Area Director,Vanessa Craig,,Vanessa Craig,100,,,,
Nanaimo Regional District,Electoral Area Director,Nicholas Greer,,Nicholas Greer,100,,,,
Nanaimo Regional District,Electoral Area Director,Stuart McLean,,Stuart McLean,100,,,,
Nanaimo Regional District,Electoral Area Director,Lauren Melanson,,Lauren Melanson,100,,,,
Nanaimo Regional District,Electoral Area Director,Peter Nganga Njenga,,Peter Nganga Njenga,100,,,,
Nanaimo Regional District,Electoral Area Director,Joe Ringwald,,Joe Ringwald,100,,,,
Nanaimo Regional District,Electoral Area Director,Leanne Salter,,Julian Fell,100,,,,
Nanaimo Regional District,Electoral Area Director,Jessica Stanley,,Martin Buhler,100,,,,
Nanaimo Regional District,Electoral Area Director,Paul Stephen,,Paul Stephen,100,,,,
Nanaimo Regional District,Electoral Area Director,Lehann Wallace,,Lehann Wallace,100,,,,
Nechako Lakes School District,Board of Education Trustee,Dave Christie,,Dave Christie,100,,,,
Nechako Lakes School District,Board of Education Trustee,Angela Clause,,Angela Clause,100,,,,
Nechako Lakes School District,Board of Education Trustee,Steve Davis,,Steve Davis,100,,,,
Nechako Lakes School District,Board of Education Trustee,Nadine Frenkel,,Nadine Frenkel,100,,,,
Nechako Lakes School District,Board of Education Trustee,Nyree Hazelton,,Nyree Hazelton,100,,,,
Nechako Lakes School District,Board of Education Trustee,Sarah John,,Sarah John,100,,,,
Nechako Lakes School District,Board of Education Trustee,Manu Madhok,,Manu Madhok,100,,,,
Nechako Lakes School District,Board of Education Trustee,Ken McGonigal,,Ken McGonigal,101,,,,
Nechako Lakes School District,Board of Education Trustee,Rick Pooley,,Rick Pooley,101,,,,
Nechako Lakes School District,Board of Education Trustee,Kristopher Shively,,Kristopher Shively,101,,,,
Nechako Lakes School District,Board of Education Trustee,Carroll Walker,ParentsVoice BC,Carroll Walker,101,,,,
Nelson,Councillor,Devon Caron,,Felicia Marrast,101,,,,
Nelson,Councillor,Dario Cimolai,,Dario Cimolai,101,,,,
Nelson,Councillor,Ainsleah Hastings,,Monica Ruiz,101,,,,
Nelson,Councillor,David Johnston,,David Johnston,101,,,,
Nelson,Councillor,Aviva Keely,,Aviva Keely,101,,,,
Nelson,Councillor,Ian Parfitt,,Ian Parfitt,101,,,,
Nelson,Councillor,Leslie Payne,,Rachel McGown,101,,,,
Nelson,Councillor,Jess Phillips,,Jess Phillips,101,,,,
Nelson,Councillor,Jesse Piñeiro,,Jesse Piñeiro,101,,,,
Nelson,Councillor,Martin Stegman,,Martin Stegman,101,,,,
Nelson,Councillor,Kate Tait,,Kate Tait,101,,,,
Nelson,Councillor,Corey Viala,,Gioconda Gordon,101,,,,
Nelson,Councillor,Jesse Woodward,,Jesse Woodward,101,,,,
Nelson,Mayor,Steven Bergevin,,Steven Bergevin,101,,,,
Nelson,Mayor,Ramona Faust,,Marie Chanton,102,,,,
Nelson,Mayor,Janice Morrison,,Margaret Stacey,102,,,,
New Denver,Councillor,Daphne Budding,,Daphne Budding,102,,,,
New Denver,Councillor,Melvie Buenacosa,,Melvie Buenacosa,102,,,,
New Denver,Councillor,Steve Deakoff,,Steve Deakoff,102,,,,
New Denver,Councillor,Vern Gustafson,,Janice Gustafson,102,,,,
New Denver,Councillor,Kathy Hartman,,Elsie Curtis,102,,,,
New Denver,Councillor,Jude Louwerse,,Jude Louwerse,102,,,,
New Denver,Councillor,Colin Moss,,Colin Moss,102,,,,
New Denver,Mayor,Leonard Casley,,Leonard Casley,102,,,,
New Hazelton,Councillor,Brenda Barritt,,Brenda Barritt,102,,,,
New Hazelton,Councillor,Allan Berg,,Allan Berg,102,,,,
New Hazelton,Councillor,George Burns,,George Burns,102,,,,
New Hazelton,Councillor,Jutta Hobenshield,,Jutta Hobenshield,102,,,,
New Hazelton,Councillor,Ray Sturney,,Ray Sturney,102,,,,
New Hazelton,Councillor,Bambie Tait,,Bambie Tait,102,,,,
New Hazelton,Councillor,Mike Weeber,,Mike Weeber,102,,,,
New Hazelton,Mayor,Gail Lowry,,Gail Lowry,102,,,,
New Westminster,Councillor,Dalia Al-Hussaini,Community First,Doug Johnstone,103,,,,
New Westminster,Councillor,Ken Armstrong,NWP (New Westminster Progressives),Darren Milne,103,,,,
New Westminster,Councillor,Karima Budhwani,NWP (New Westminster Progressives),Darren Milne,103,,,,
New Westminster,Councillor,Rick Folka,NWP (New Westminster Progressives),Darren Milne,103,,,,
New Westminster,Councillor,Tasha Henderson,Community First,Doug Johnstone,103,,,,
New Westminster,Councillor,Geoff Homel,,Geoff Homel,103,,,,
New Westminster,Councillor,Peter Jorgensen,Community First,Doug Johnstone,103,,,,
New Westminster,Councillor,Bereket Kebede,Community First,Doug Johnston,103,,,,
New Westminster,Councillor,Jaimie McEvoy,Community First,Doug Johnstone,103,,,,
New Westminster,Councillor,Paul Minhas,NWP (New Westminster Progressives),Darren Milne,103,,,,
New Westminster,Councillor,Maryann Morrison,NWP (New Westminster Progressives),Darren Milne,103,,,,
New Westminster,Councillor,Ray Porcellato,NWP (New Westminster Progressives),Darren Milne,103,,,,
New Westminster,Councillor,Kane Tse,Community First,Doug Johnstone,103,,,,
New Westminster,Mayor,Daniel Fontaine,NWP (New Westminster Progressives),Darren Milne,103,,,,
New Westminster,Mayor,Patrick Johnstone,Community First,Doug Johnstone,103,,,,
New Westminster School District,Board of Education Trustee,Kathleen Carlsen,NWP (New Westminster Progressives),Darren Milne,104,,,,
New Westminster School District,Board of Education Trustee,Junior Chuang,Community First,Doug Johnstone,104,,,,
New Westminster School District,Board of Education Trustee,Danielle Connelly,NWP (New Westminster Progressives),Darren Milne,104,,,,
New Westminster School District,Board of Education Trustee,Donald Doyle,NWP (New Westminster Progressives),Darren Milne,104,,,,
New Westminster School District,Board of Education Trustee,Anita Dunn,NWP (New Westminster Progressives),Darren Milne,104,,,,
New Westminster School District,Board of Education Trustee,Elizabeth Fajber,NWP (New Westminster Progressives),Darren Milne,104,,,,
New Westminster School District,Board of Education Trustee,Michelle Hak Hepburn,Community First,Doug Johnstone,104,,,,
New Westminster School District,Board of Education Trustee,Jeremy Perry,Community First,Doug Johnstone,104,,,,
New Westminster School District,Board of Education Trustee,Paul Romein,Community First,Doug Johnstone,104,,,,
New Westminster School District,Board of Education Trustee,Lucas Steele,NWP (New Westminster Progressives),Darren Milne,104,,,,
New Westminster School District,Board of Education Trustee,Mary Trentadue,Community First,Doug Johnstone,104,,,,
Nicola Similkameen School District,Board of Education Trustee,Lara Coutlee,,Lara Coutlee,104,,,,
Nicola Similkameen School District,Board of Education Trustee,Everett Hoisington,,Everett Hoisington,104,,,,
Nicola Similkameen School District,Board of Education Trustee,Stu Jackson,,Stu Jackson,104,,,,
Nicola Similkameen School District,Board of Education Trustee,Justin Jepsen,,Justin Jepsen,104,,,,
Nicola Similkameen School District,Board of Education Trustee,Jamie Kent-Laidlaw,,Jamie Kent-Laidlaw,105,,,,
Nicola Similkameen School District,Board of Education Trustee,Tim Manuel,,Tim Manuel,105,,,,
Nicola Similkameen School District,Board of Education Trustee,Leroy Slanzi,,Leroy Slanzi,105,,,,
Nicola Similkameen School District,Board of Education Trustee,Gordon Swan,,Gordon Swan,105,,,,
Nicola Similkameen School District,Board of Education Trustee,Leah Ward,,Leah Ward,105,,,,
Nicola Similkameen School District,Board of Education Trustee,Shane Woodruff,,Shane Woodruff,105,,,,
Nisga'a School District,Board of Education Trustee,Carl Azak,,Carl Azak,105,,,,
Nisga'a School District,Board of Education Trustee,Tanya Barton,,Tanya Barton,105,,,,
Nisga'a School District,Board of Education Trustee,Orville Cox,,Orville Cox,105,,,,
Nisga'a School District,Board of Education Trustee,Edward Desson,,Edward Desson,105,,,,
Nisga'a School District,Board of Education Trustee,Danica Moore,,Danica Moore,105,,,,
Nisga'a School District,Board of Education Trustee,Winnifred Morven-Hansen,,Winnifred Morven-Hansen,105,,,,
Nisga'a School District,Board of Education Trustee,George Nelson,,George Nelson,105,,,,
North Coast Regional District,Electoral Area Director,Karl Bergman,,Karl Bergman,105,,,,
North Coast Regional District,Electoral Area Director,Evan Putterill,,Evan Putterill,105,,,,
North Coast Regional District,Electoral Area Director,Leo Rutherford,,Leo Rutherford,105,,,,
North Coast Regional District,Electoral Area Director,Ocean Rutherford,,Ocean Rutherford,105,,,,
North Coast Regional District,Electoral Area Director,Johanne Young,,Johanne Young,105,,,,
North Cowichan,Councillor,Krystal Adams,,Joel Adams,106,,,,
North Cowichan,Councillor,Don Allingham,,Don Allingham,106,,,,
North Cowichan,Councillor,Joyce Behnsen,,Joyce Behnsen,106,,,,
North Cowichan,Councillor,Mike Caljouw,,James Wilkerson,106,,,,
North Cowichan,Councillor,Brian Chambers,,Brian Chambers,106,,,,
North Cowichan,Councillor,Bruce Findlay,,Bruce Findlay,106,,,,
North Cowichan,Councillor,Becky Hogg,,Nichola Lee,106,,,,
North Cowichan,Councillor,Chris Istace,,Chris Istace,106,,,,
North Cowichan,Councillor,Christopher Justice,,Christopher Justice,106,,,,
North Cowichan,Councillor,Tek Manhas,,Dave Jackson,106,,,,
North Cowichan,Councillor,Derek Masselink,,Linda Hicks,106,,,,
North Cowichan,Councillor,Valerie Russell,,Valerie Russell,106,,,,
North Cowichan,Mayor,Rob Douglas,,Rob Douglas,106,,,,
North Cowichan,Mayor,Chris Wilkinson,,Koren Palmer,106,,,,
North Okanagan Regional District,Electoral Area Director,Paul Anderson,,Paul Anderson,106,,,,
North Okanagan Regional District,Electoral Area Director,Kevin Brown,,Kevin Brown,106,,,,
North Okanagan Regional District,Electoral Area Director,Rachel Enns,,Rachel Enns,106,,,,
North Okanagan Regional District,Electoral Area Director,Bob Fleming,,Bob Fleming,106,,,,
North Okanagan Regional District,Electoral Area Director,Lori Heins,,Lori Heins,107,,,,
North Okanagan Regional District,Electoral Area Director,Allysa Hopkins,,Allysa Hopkins,107,,,,
North Okanagan Regional District,Electoral Area Director,Jim Johnson,,Jim Johnson,107,,,,
North Okanagan Regional District,Electoral Area Director,Amanda Shatzko,,Amanda Shatzko,107,,,,
North Okanagan Regional District,Electoral Area Director,Wendy Sherman,,Wendy Sherman,107,,,,
North Saanich,Councillor,Jane Burnes,,Jane Burnes,107,,,,
North Saanich,Councillor,Phillip DiBattista,,Scheryl DiBattista,107,,,,
North Saanich,Councillor,Dawn Gould,,Ryan Trelford,107,,,,
North Saanich,Councillor,Gerald Hannig,,Gerald Hannig,107,,,,
North Saanich,Councillor,Walter Langer,,Walter Langer,107,,,,
North Saanich,Councillor,Stuart Mackinnon,,Stuart Mackinnon,107,,,,
North Saanich,Councillor,Kristine Marshall,North Saanich Strong,Brenda Burd,107,,,,
North Saanich,Councillor,Irene McConkey,North Saanich Strong,Irene McConkey,107,,,,
North Saanich,Councillor,Brian Robinson,,Brian Robinson,107,,,,
North Saanich,Councillor,Sanjiv Shrivastava,North Saanich Strong,Sanjiv Shrivastava,107,,,,
North Saanich,Councillor,Celia Stock,,Celia Stock,107,,,,
North Saanich,Councillor,Greg Warner,North Saanich Strong,Peter Chandler,107,,,,
North Saanich,Councillor,Jim Woolford,,Jim Woolford,107,,,,
North Saanich,Mayor,Peter Jones,,Peter Jones,108,,,,
North Saanich,Mayor,Felice Mazzoni,North Saanich Strong,Brenda Burd,108,,,,
North Saanich,Mayor,Jack McClintock,,Donna Gilbert,108,,,,
North Vancouver School District,Board of Education Trustee,Manoochehr Azizi,,Manoochehr Azizi,108,,,,
North Vancouver School District,Board of Education Trustee,Mike Boehm,,Mike Boehm,108,,,,
North Vancouver School District,Board of Education Trustee,Jennifer Branston,,Jennifer Branston,108,,,,
North Vancouver School District,Board of Education Trustee,Michael Charrois,,Michael Charrois,108,,,,
North Vancouver School District,Board of Education Trustee,Barry Forward,,Barry Forward,108,,,,
North Vancouver School District,Board of Education Trustee,Cyndi Gerlach,,Cyndi Gerlach,108,,,,
North Vancouver School District,Board of Education Trustee,Rob Haines,,Peggy Hung,108,,,,
North Vancouver School District,Board of Education Trustee,Peggy Hung,,Rob Haines,108,,,,
North Vancouver School District,Board of Education Trustee,Emma Juniper,,Emma Juniper,108,,,,
North Vancouver School District,Board of Education Trustee,Raheela Khan,,Raheela Khan,108,,,,
North Vancouver School District,Board of Education Trustee,Senora Navales,,Senora Navales,108,,,,
North Vancouver School District,Board of Education Trustee,Trish Neufeld,,Trish Neufeld,108,,,,
North Vancouver School District,Board of Education Trustee,Laura Nickerson,,Laura Nickerson,108,,,,
North Vancouver School District,Board of Education Trustee,Layne North,,Layne North,108,,,,
North Vancouver School District,Board of Education Trustee,Raphael Perfecto,,Raphael Perfecto,108,,,,
North Vancouver School District,Board of Education Trustee,Ethel Purugganan,,Ethel Purugganan,109,,,,
North Vancouver School District,Board of Education Trustee,Ainslie Rinfret,,Ainslie Rinfret,109,,,,
North Vancouver School District,Board of Education Trustee,George Tsiakos,,George Tsiakos,109,,,,
North Vancouver School District,Board of Education Trustee,Antje Wilson,,Lloyd Brager,109,,,,
"North Vancouver, City of",Councillor,Sean Alexander,,Sean Alexander,109,,,,
"North Vancouver, City of",Councillor,Holly Back,,Holly Back,109,,,,
"North Vancouver, City of",Councillor,Don Bell,,Don Bell,109,,,,
"North Vancouver, City of",Councillor,Tammy Bentz,,Tammy Bentz,109,,,,
"North Vancouver, City of",Councillor,Anna Boltenko,,Anna Boltenko,109,,,,
"North Vancouver, City of",Councillor,David Brun,,David Brun,109,,,,
"North Vancouver, City of",Councillor,Jeremy Cato,,Douglas Ausman,109,,,,
"North Vancouver, City of",Councillor,Angela Girard,,Angela Girard,109,,,,
"North Vancouver, City of",Councillor,Guy Heywood,,Guy Heywood,109,,,,
"North Vancouver, City of",Councillor,Ken Izatt,,Suzanne Izatt,109,,,,
"North Vancouver, City of",Councillor,Jullian Kolstee,,Malcolm McLeod,109,,,,
"North Vancouver, City of",Councillor,Max Lai,,Max Lai,109,,,,
"North Vancouver, City of",Councillor,Jessica McIlroy,,Jessica McIlroy,109,,,,
"North Vancouver, City of",Councillor,Krishna Raisinghani,,Krishna Raisinghani,109,,,,
"North Vancouver, City of",Councillor,Andrew Robertson,,Andrew Robertson,109,,,,
"North Vancouver, City of",Councillor,Shervin Shahriari,,Francis Wimberley,110,,,,
"North Vancouver, City of",Councillor,Lailani Tumaneng,,Lailani Tumaneng,110,,,,
"North Vancouver, City of",Councillor,Tony Valente,,Tony Valente,110,,,,
"North Vancouver, City of",Mayor,Linda Buchanan,,Linda Buchanan,110,,,,
"North Vancouver, City of",Mayor,Oliver King,,Oliver King,110,,,,
"North Vancouver, City of",Mayor,Dave Kurvers,,Dave Kurvers,110,,,,
"North Vancouver, City of",Mayor,Mike McGraw,,Mike McGraw,110,,,,
"North Vancouver, District of",Councillor,Daniel Anderson,,John Anderson,110,,,,
"North Vancouver, District of",Councillor,Jordan Back,,Jordan Back,110,,,,
"North Vancouver, District of",Councillor,Trey Bell,,Trey Bell,110,,,,
"North Vancouver, District of",Councillor,Mathew Bond,,Mathew Bond,110,,,,
"North Vancouver, District of",Councillor,Daina Boyd,,Daina Boyd,110,,,,
"North Vancouver, District of",Councillor,Betty Forbes,,Heather Walker,110,,,,
"North Vancouver, District of",Councillor,Jim Hanson,,Norman Farrell,110,,,,
"North Vancouver, District of",Councillor,Aidan Kyle,,Aidan Kyle,110,,,,
"North Vancouver, District of",Councillor,Herman Mah,,Paul Rohrwasser,110,,,,
"North Vancouver, District of",Councillor,Kulvir Mann,,Kulvir Mann,110,,,,
"North Vancouver, District of",Councillor,Linda Munro,,Scott Munro,110,,,,
"North Vancouver, District of",Councillor,Lisa Muri,,Lisa Muri,111,,,,
"North Vancouver, District of",Councillor,Victoria Nwabuisi,,Victoria Nwabuisi,111,,,,
"North Vancouver, District of",Councillor,Catherine Pope,,Catherine Pope,111,,,,
"North Vancouver, District of",Councillor,Stephanie Wilson,,Kathleen King,111,,,,
"North Vancouver, District of",Mayor,Graham Alexander,,Graham Alexander,111,,,,
"North Vancouver, District of",Mayor,Mike Little,,Mike Little,111,,,,
"North Vancouver, District of",Mayor,Stephan Nieweler,,Stephan Nieweler,111,,,,
"North Vancouver, District of",Mayor,Paolo Pucci,,Paolo Pucci,111,,,,
"North Vancouver, District of",Mayor,Max Zahedi,,Pegah Kebritchi,111,,,,
Northern Rockies,Councillor,Melinda Belleau,,Melinda Belleau,111,,,,
Northern Rockies,Councillor,Bruce Deinstadt,,Bruce Deinstadt,111,,,,
Northern Rockies,Councillor,Kim Eglinski,,Kim Eglinski,111,,,,
Northern Rockies,Councillor,Brenda Enax,,Brenda Enax,111,,,,
Northern Rockies,Councillor,Ivan Kortchevich,,Ivan Kortchevich,111,,,,
Northern Rockies,Councillor,Wayne Kushnerek,,Wayne Kushnerek,111,,,,
Northern Rockies,Councillor,Ian Langstaff,,Ian Langstaff,111,,,,
Northern Rockies,Councillor,Danny Soles,,Danny Soles,111,,,,
Northern Rockies,Councillor,Norm Thomson,,Robert Lee,111,,,,
Northern Rockies,Councillor,Andrea Warren,,Andrea Warren,112,,,,
Northern Rockies,Mayor,Rob Fraser,,Rob Fraser,112,,,,
Oak Bay,Councillor,Hazel Braithwaite,,Rod Braithwaite,112,,,,
Oak Bay,Councillor,David Gleeson,,David Gleeson,112,,,,
Oak Bay,Councillor,Cairine Green,,Pat Wilson,112,,,,
Oak Bay,Councillor,Roxanne Helme,,Roxanne Helme,112,,,,
Oak Bay,Councillor,Will Moore,,Will Moore,112,,,,
Oak Bay,Councillor,Esther Paterson,,Esther Paterson,112,,,,
Oak Bay,Councillor,Sarah Starkweather,,Daphna Gelbart,112,,,,
Oak Bay,Councillor,Karin Sweeney,,Karin Sweeney,112,,,,
Oak Bay,Councillor,Katerina Weller,,Katerina Weller,112,,,,
Oak Bay,Mayor,Sam Holland,,Sam Holland,112,,,,
Oak Bay,Mayor,Kevin Murdoch,,Christopher Causton,112,,,,
"Okanagan Falls, District of",Councillor,John Bell,,John Bell,112,,,,
"Okanagan Falls, District of",Councillor,Amy Bydal,,Jennifer Anderson,112,,,,
"Okanagan Falls, District of",Councillor,Eugene Dettling,,Susan Offer,112,,,,
"Okanagan Falls, District of",Councillor,Kris Lee,,Jillian Johnston,112,,,,
"Okanagan Falls, District of",Councillor,Randy Ludwar,,Randy Ludwar,112,,,,
"Okanagan Falls, District of",Councillor,Shelley MacKenzie,,Jeremy Hepso,113,,,,
"Okanagan Falls, District of",Councillor,Keith Mosimann,,Keith Mosimann,113,,,,
"Okanagan Falls, District of",Councillor,Allison Symons,,Judy Garner,113,,,,
"Okanagan Falls, District of",Councillor,Melody Walker,,Melody Walker,113,,,,
"Okanagan Falls, District of",Mayor,Glen Innes,,Karen Donison,113,,,,
"Okanagan Falls, District of",Mayor,Tyler Johnsen,,Tyler Johnsen,113,,,,
"Okanagan Falls, District of",Mayor,Matt Taylor,,Judy Garner,113,,,,
Okanagan Similkameen School District,Board of Education Trustee,Casey Brouwer,,Casey Brouwer,113,,,,
Okanagan Similkameen School District,Board of Education Trustee,Alex Clarke,,Alex Clarke,113,,,,
Okanagan Similkameen School District,Board of Education Trustee,Julie Davies,,Ronald Davies,113,,,,
Okanagan Similkameen School District,Board of Education Trustee,Brenda Dorosz,,Brenda Dorosz,113,,,,
Okanagan Similkameen School District,Board of Education Trustee,Shawna Farrell,,Shawna Farrell,113,,,,
Okanagan Similkameen School District,Board of Education Trustee,Arden Holley,,Arden Holley,113,,,,
Okanagan Similkameen School District,Board of Education Trustee,Sholeh Pickell,,Sholeh Pickell,113,,,,
Okanagan Similkameen School District,Board of Education Trustee,Robert Zandee,,Robert Zandee,113,,,,
Okanagan Skaha School District,Board of Education Trustee,Karen Botsford,,Karen Botsford,113,,,,
Okanagan Skaha School District,Board of Education Trustee,Manpreet Brar,,Manpreet Brar,113,,,,
Okanagan Skaha School District,Board of Education Trustee,Shelley Clarke,,Shelley Clarke,114,,,,
Okanagan Skaha School District,Board of Education Trustee,James Palanio,,James Palanio,114,,,,
Okanagan Skaha School District,Board of Education Trustee,Lisa Prokopenko,,Lisa Prokopenko,114,,,,
Okanagan Skaha School District,Board of Education Trustee,Danny Reigh,,Danny Reigh,114,,,,
Okanagan Skaha School District,Board of Education Trustee,Robert Stepaniuk,,Robert Stepaniuk,114,,,,
Okanagan Skaha School District,Board of Education Trustee,Linda Van Alphen,,Linda Van Alphen,114,,,,
Okanagan Skaha School District,Board of Education Trustee,Roger Wiebe,,Roger Wiebe,114,,,,
Okanagan-Similkame en Regional District,Electoral Area Director,Rob Bilyk,,Rob Bilyk,114,,,,
Okanagan-Similkame en Regional District,Electoral Area Director,Jamie Bradford,,Jamie Bradford,114,,,,
Okanagan-Similkame en Regional District,Electoral Area Director,Chris Burrows,,Chris Burrows,114,,,,
Okanagan-Similkame en Regional District,Electoral Area Director,George Bush,,George Bush,114,,,,
Okanagan-Similkame en Regional District,Electoral Area Director,Jason Earl,,Jason Earl,114,,,,
Okanagan-Similkame en Regional District,Electoral Area Director,Adrienne Fedrigo,,Christopher Heisler,114,,,,
Okanagan-Similkame en Regional District,Electoral Area Director,Cheryl Halla,,Cheryl Halla,114,,,,
Okanagan-Similkame en Regional District,Electoral Area Director,Clayton Hillman,,Clayton Hillman,114,,,,
Okanagan-Similkame en Regional District,Electoral Area Director,Kandis Lipsett,,Kandis Lipsett,114,,,,
Okanagan-Similkame en Regional District,Electoral Area Director,Mark Mattes,,Rhonda Bruce,114,,,,
Okanagan-Similkame en Regional District,Electoral Area Director,Anita Molaro,,Anita Molaro,114,,,,
Okanagan-Similkame en Regional District,Electoral Area Director,Mark Pendergraft,,Mark Pendergraft,115,,,,
Okanagan-Similkame en Regional District,Electoral Area Director,Tim Roberts,,Tim Roberts,115,,,,
Okanagan-Similkame en Regional District,Electoral Area Director,John Rousseau,,John Rousseau,115,,,,
Okanagan-Similkame en Regional District,Electoral Area Director,Sandra Schroeder,,Sandra Schroeder,115,,,,
Okanagan-Similkame en Regional District,Electoral Area Director,Henry Sielmann,,Henry Sielmann,115,,,,
Okanagan-Similkame en Regional District,Electoral Area Director,Shelby Smith,,Shelby Smith,115,,,,
Oliver,Councillor,Jack Bennest,,Jack Bennest,115,,,,
Oliver,Councillor,Warren Brown,,Warren Brown,115,,,,
Oliver,Councillor,Dermott Hutton,,Dermott Hutton,115,,,,
Oliver,Councillor,Leigh Lougheed,,Leigh Lougheed,115,,,,
Oliver,Councillor,Jennifer McConnell,,Jennifer McConnell,115,,,,
Oliver,Councillor,Tom Szalay,,Tom Szalay,115,,,,
Oliver,Councillor,JP Vala,,Dennis Van Den Munckhof,115,,,,
Oliver,Mayor,Wayne Anderson,,Wayne Anderson,115,,,,
Oliver,Mayor,Aimee Grice,,Aimee Grice,115,,,,
Oliver,Rural Water Councillor,Bhupinder Dhaliwal,,Bhupinder Dhaliwal,115,,,,
Oliver,Rural Water Councillor,Rick Machial,,Rick Machial,115,,,,
Oliver,Rural Water Councillor,Geoff Nickson,,Geoff Nickson,115,,,,
Osoyoos,Councillor,Brian Bagnall,,Brian Bagnall,116,,,,
Osoyoos,Councillor,Johnny Cheong,,Johnny Cheong,116,,,,
Osoyoos,Councillor,Ken Davreux,,Ken Davreux,116,,,,
Osoyoos,Councillor,Jenn Demo,,Jenn Demo,116,,,,
Osoyoos,Councillor,Arlyn Greig,,Arlyn Greig,116,,,,
Osoyoos,Councillor,Derek Hesketh,,Derek Hesketh,116,,,,
Osoyoos,Councillor,J.F. Launier,,Chantal Hudson,116,,,,
Osoyoos,Councillor,Sy Murseli,,Sy Murseli,116,,,,
Osoyoos,Councillor,Ron Sargeant,,Ron Sargeant,116,,,,
Osoyoos,Councillor,Natasha Stevenson,,Natasha Stevenson,116,,,,
Osoyoos,Councillor,Bridget Wilson,,Bridget Wilson,116,,,,
Osoyoos,Councillor,Pat Wycherley,,Kathryn Gudewill,116,,,,
Osoyoos,Councillor,Frank Zandvliet,,Frank Zandvliet,116,,,,
Osoyoos,Mayor,Scott Armstrong,,Kirk Jeske,116,,,,
Osoyoos,Mayor,Hart Buckendahl,,Hart Buckendahl,116,,,,
Osoyoos,Mayor,Jim Dinwoodie,,Jim Dinwoodie,116,,,,
Osoyoos,Mayor,Zachary Poturica,,Zachary Poturica,116,,,,
Osoyoos,Mayor,Tom Shields,,Tom Shields,116,,,,
Osoyoos,Mayor,Dustin Sikora,,Dustin Sikora,116,,,,
Osoyoos,Water Councillor,Gurneet Chahal,,Gurneet Chahal,117,,,,
Osoyoos,Water Councillor,Sarabjit Rai,,Sarabjit Rai,117,,,,
Osoyoos,Water Councillor,Jim Shogren,,Jim Shogren,117,,,,
Pacific Rim School District,Board of Education Trustee,Cherilyn Bray,,Cherilyn Bray,117,,,,
Pacific Rim School District,Board of Education Trustee,Rosemarie Buchanan,,Rosemarie Buchanan,117,,,,
Pacific Rim School District,Board of Education Trustee,Patricia Clayton,,Patricia Clayton,117,,,,
Pacific Rim School District,Board of Education Trustee,Derek Dovale,,Derek Dovale,117,,,,
Pacific Rim School District,Board of Education Trustee,Trevor Dunn,,Trevor Dunn,117,,,,
Pacific Rim School District,Board of Education Trustee,Debra Hamilton,,Debra Hamilton,117,,,,
Pacific Rim School District,Board of Education Trustee,Graham Hughes,,Graham Hughes,117,,,,
Pacific Rim School District,Board of Education Trustee,Colin Minions,,Colin Minions,117,,,,
Pacific Rim School District,Board of Education Trustee,Cynthia Orr,,Cynthia Orr,117,,,,
Pacific Rim School District,Board of Education Trustee,Justin Tremblay,,Justin Tremblay,117,,,,
Pacific Rim School District,Board of Education Trustee,Chris Washington,,Chris Washington,117,,,,
Pacific Rim School District,Board of Education Trustee,Helen Zanette,,Helen Zanette,117,,,,
Parksville,Councillor,Frank Bailey,,Frank Bailey,117,,,,
Parksville,Councillor,Alana Barager,,Alana Barager,117,,,,
Parksville,Councillor,Adam Fras,,Adam Fras,117,,,,
Parksville,Councillor,Amit Gaur,,Amit Gaur,118,,,,
Parksville,Councillor,Nigel Gray,,Cara MacDonald,118,,,,
Parksville,Councillor,Jody Latiff,,Jody Latiff,118,,,,
Parksville,Councillor,Sylvia Martin,,Leslie MacDonald,118,,,,
Parksville,Councillor,Shelly McCullough,,Shelly McCullough,118,,,,
Parksville,Councillor,Ralph Tietjen,,Ralph Tietjen,118,,,,
Parksville,Councillor,Sean Wood,,Sean Wood,118,,,,
Parksville,Mayor,Mary Beil,,Mary Beil,118,,,,
Parksville,Mayor,Mike Butler,,Mike Butler,118,,,,
Parksville,Mayor,Joel Grenz,,Joel Grenz,118,,,,
Peace River North School District,Board of Education Trustee,Ida Campbell,,Ida Campbell,118,,,,
Peace River North School District,Board of Education Trustee,Helen Gilbert,,Helen Gilbert,118,,,,
Peace River North School District,Board of Education Trustee,Nicole Gilliss,,Nicole Gilliss,118,,,,
Peace River North School District,Board of Education Trustee,Madeleine Lehmann,,Madeleine Lehmann,118,,,,
Peace River North School District,Board of Education Trustee,Wally Miedema,,Wally Miedema,118,,,,
Peace River North School District,Board of Education Trustee,Terence O'Byrne,,Terence O'Byrne,118,,,,
Peace River North School District,Board of Education Trustee,David Scott-Moncrieff,,David Scott-Moncrieff,118,,,,
Peace River North School District,Board of Education Trustee,Bill Snow,,Bill Snow,118,,,,
Peace River Regional District,Electoral Area Director,Maureen Ethier,,Maureen Ethier,119,,,,
Peace River Regional District,Electoral Area Director,Reid Graham,,Reid Graham,119,,,,
Peace River Regional District,Electoral Area Director,Orval Harris,,Orval Harris,119,,,,
Peace River Regional District,Electoral Area Director,Leonard Hiebert,,Leonard Hiebert,119,,,,
Peace River Regional District,Electoral Area Director,Julia Nelson,,Julia Nelson,119,,,,
Peace River Regional District,Electoral Area Director,Richard Nicholls,,Richard Nicholls,119,,,,
Peace River Regional District,Electoral Area Director,Bradley Sperling,,Bradley Sperling,119,,,,
Peace River Regional District,Electoral Area Director,Jason Young,,Jason Young,119,,,,
Peace River South School District,Board of Education Trustee,Chad Anderson,,Chad Anderson,119,,,,
Peace River South School District,Board of Education Trustee,Sherry Berringer,,Sherry Berringer,119,,,,
Peace River South School District,Board of Education Trustee,Roxanne Gulick,,Roxanne Gulick,119,,,,
Peace River South School District,Board of Education Trustee,Jahron Hofman,,Jahron Hofman,119,,,,
Peace River South School District,Board of Education Trustee,Travis Jones,,Travis Jones,119,,,,
Peace River South School District,Board of Education Trustee,Kevin Kurjata,,Kevin Kurjata,119,,,,
Peace River South School District,Board of Education Trustee,Trisha Mactavish,,Trisha Mactavish,119,,,,
Peace River South School District,Board of Education Trustee,Angelina Schurmann,,Angelina Schurmann,119,,,,
Peace River South School District,Board of Education Trustee,Darren Shankel,,Darren Shankel,119,,,,
Peace River South School District,Board of Education Trustee,Deanna Sudnik,,Deanna Sudnik,119,,,,
Peace River South School District,Board of Education Trustee,Christina Wards,,Christina Wards,120,,,,
Peachland,Councillor,Marissa Baecker,,Marissa Baecker,120,,,,
Peachland,Councillor,Ali Bani-Sadr,,Christine Danielsen,120,,,,
Peachland,Councillor,Randey Brophy,,Randey Brophy,120,,,,
Peachland,Councillor,Alena Glasman,,Alena Glasman,120,,,,
Peachland,Councillor,Eric Hall,,Eric Hall,120,,,,
Peachland,Councillor,Rick Ingram,,Rick Ingram,120,,,,
Peachland,Councillor,Chris Richardson,,Barbara Dionne,120,,,,
Peachland,Councillor,Ashley Rodenbush,,Ashley Rodenbush,120,,,,
Peachland,Councillor,Shayne Theriault,,Shayne Theriault,120,,,,
Peachland,Mayor,Gail Mansell,,Gail Mansell,120,,,,
Peachland,Mayor,Patrick Van Minsel,,Ronald Farrington,120,,,,
Pemberton,Councillor,Ted Craddock,,Ted Craddock,120,,,,
Pemberton,Councillor,Laresa Czervenatis,,Laresa Czervenatis,120,,,,
Pemberton,Councillor,Jennie Helmer,,Jennie Helmer,120,,,,
Pemberton,Councillor,James Linklater,,James Linklater,120,,,,
Pemberton,Councillor,Katrina Nightingale,,Katrina Nightingale,120,,,,
Pemberton,Mayor,David MacKenzie,,David MacKenzie,120,,,,
Pemberton,Mayor,Mike Richman,,Mike Richman,120,,,,
Penticton,Councillor,Lee Abel,,Lee Abel,121,,,,
Penticton,Councillor,Lyle Brant,,Lyle Brant,121,,,,
Penticton,Councillor,Isaiah Collins,Penticton Together,Jula Sukumar,121,,,,
Penticton,Councillor,John Cowan,,John Cowan,121,,,,
Penticton,Councillor,Isaac Gilbert,Penticton Together,Jula Sukumar,121,,,,
Penticton,Councillor,Ryan Graham,,Ryan Graham,121,,,,
Penticton,Councillor,Lainie Greyeyes,Penticton Together,Jula Sukumar,121,,,,
Penticton,Councillor,Andrew Jakubeit,,Andrew Jakubeit,121,,,,
Penticton,Councillor,Kevin Lefebvre,,Kevin Lefebvre,121,,,,
Penticton,Councillor,Celine Lucier,,Deanna Maclean,121,,,,
Penticton,Councillor,Subrina Monteith,,Subrina Monteith,121,,,,
Penticton,Councillor,Jason Reynen,,Jason Reynen,121,,,,
Penticton,Councillor,Davinder Sandhu,,Davinder Sandhu,121,,,,
Penticton,Councillor,Krystal Sheridan,,Krystal Sheridan,121,,,,
Penticton,Councillor,Shannon Stewart,,Shannon Stewart,121,,,,
Penticton,Councillor,Nick Stulberg,Penticton Together,Jula Sukumar,121,,,,
Penticton,Councillor,Kandy Sztepanacz,,Caepher Pink,121,,,,
Penticton,Councillor,Riley Thompson,,Riley Thompson,121,,,,
Penticton,Councillor,Janine Walker,,Janine Walker,122,,,,
Penticton,Mayor,Dan Ashton,,Andre Martin,122,,,,
Penticton,Mayor,Julius Bloomfield,,Julius Bloomfield,122,,,,
Penticton,Mayor,Corey Hounslow,,Corey Hounslow,122,,,,
Penticton,Mayor,Jordan Iannone,,Jordan Iannone,122,,,,
Penticton,Mayor,Beverley Kohler,,Beverley Kohler,122,,,,
Penticton,Mayor,Ashley Murrin,,Ashley Murrin,122,,,,
Pitt Meadows,Councillor,Michael Babor,,Michael Babor,122,,,,
Pitt Meadows,Councillor,Don Bell,,Don Bell,122,,,,
Pitt Meadows,Councillor,Owen Coomer,,Bradley Krause,122,,,,
Pitt Meadows,Councillor,Tracy Elke,,Tracy Elke,122,,,,
Pitt Meadows,Councillor,Alison Evans,,Alison Evans,122,,,,
Pitt Meadows,Councillor,Mike Hayes,,Mike Hayes,122,,,,
Pitt Meadows,Councillor,Ariane Jaschke,,Catherine Birkenhead,122,,,,
Pitt Meadows,Councillor,Mike Manion,,Mike Manion,122,,,,
Pitt Meadows,Councillor,Bob Meachen,,Bob Meachen,122,,,,
Pitt Meadows,Councillor,Julia Perrie,,Julia Perrie,122,,,,
Pitt Meadows,Councillor,Reet Singh,,Reet Singh,122,,,,
Pitt Meadows,Mayor,Janis Elkerton,,Janis Elkerton,122,,,,
Pitt Meadows,Mayor,Nicole MacDonald,,Nicole MacDonald,123,,,,
Port Alberni,Councillor,Sam Atwal,,Premita Saran,123,,,,
Port Alberni,Councillor,Debbie Haggard,,Debbie Haggard,123,,,,
Port Alberni,Councillor,Adam Hayduk,,Adam Hayduk,123,,,,
Port Alberni,Councillor,Diljeet Hundal,,Diljeet Hundal,123,,,,
Port Alberni,Councillor,Richard Huneault,,Richard Huneault,123,,,,
Port Alberni,Councillor,Wendy Kerr,,Karen Morris,123,,,,
Port Alberni,Councillor,Nina Kossenko,,Nina Kossenko,123,,,,
Port Alberni,Councillor,Michael Moore,,Michael Moore,123,,,,
Port Alberni,Councillor,Anna Perry,,Anna Perry,123,,,,
Port Alberni,Councillor,Cindy Solda,,Cindy Solda,123,,,,
Port Alberni,Councillor,Tom Verbrugge,,Tom Verbrugge,123,,,,
Port Alberni,Councillor,Chris Washington,,Chris Washington,123,,,,
Port Alberni,Mayor,Donald Davidson,,Donald Davidson,123,,,,
Port Alberni,Mayor,Sukhdev Krishan,,Sukhdev Krishan,123,,,,
Port Alberni,Mayor,Charles Mealey,,Charles Mealey,123,,,,
Port Alberni,Mayor,Sharie Minions,,Meghan Mason,123,,,,
Port Alberni,Mayor,Todd Patola,,Todd Patola,123,,,,
Port Alice,Councillor,Dawn Abbs,,Dawn Abbs,124,,,,
Port Alice,Councillor,Holly Aldis,,Holly Aldis,124,,,,
Port Alice,Councillor,Russell Murray,,Russell Murray,124,,,,
Port Alice,Councillor,Sean Watson,,Sean Watson,124,,,,
Port Alice,Councillor,Neal Williams,,Neal Williams,124,,,,
Port Alice,Councillor,Doug Worthington,,Doug Worthington,124,,,,
Port Alice,Mayor,David Andrukonis,,David Andrukonis,124,,,,
Port Alice,Mayor,Kevin Cameron,,Kevin Cameron,124,,,,
Port Alice,Mayor,David Stewart,,David Stewart,124,,,,
Port Alice,Mayor,Beth Thompson,,Beth Thompson,124,,,,
Port Clements,Councillor,Leidys Barrios Barona,,Leidys Barrios Barona,124,,,,
Port Clements,Councillor,Jasmine Beachy,,Jasmine Beachy,124,,,,
Port Clements,Councillor,Amber Bellis,,Amber Bellis,124,,,,
Port Clements,Councillor,Brigid Cumming,,Brigid Cumming,124,,,,
Port Clements,Councillor,Doris Fischer,,Doris Fischer,124,,,,
Port Clements,Councillor,Norman Gould,,Norman Gould,124,,,,
Port Clements,Councillor,Derek Hardt,,Derek Hardt,124,,,,
Port Clements,Councillor,Sarah Hunt,,Sarah Hunt,124,,,,
Port Clements,Councillor,Dale Lore,,Dale Lore,125,,,,
Port Clements,Councillor,Wayne Nicol,,Wayne Nicol,125,,,,
Port Clements,Councillor,Dennis Reindl,,Dennis Reindl,125,,,,
Port Clements,Councillor,Betty Stewart,,Betty Stewart,125,,,,
Port Clements,Mayor,Scott Cabianca,,Scott Cabianca,125,,,,
Port Clements,Mayor,Kazamir Falconbridge,,Kazamir Falconbridge,125,,,,
Port Clements,Mayor,Rob Kidd,,Rob Kidd,125,,,,
Port Coquitlam,Councillor,Dawn Becker,,Beth Turner,125,,,,
Port Coquitlam,Councillor,Doug Blessin,,Giovanna Blessin,125,,,,
Port Coquitlam,Councillor,Aman Brah,,Aman Brah,125,,,,
Port Coquitlam,Councillor,Steve Darling,,Jennifer Darling,125,,,,
Port Coquitlam,Councillor,Solomon Etuk,,Robert Widmer,125,,,,
Port Coquitlam,Councillor,Mithila Karnik,,Mithila Karnik,125,,,,
Port Coquitlam,Councillor,Nancy McCurrach,,Ray McCurrach,125,,,,
Port Coquitlam,Councillor,Darin Nielsen,,Darin Nielsen,125,,,,
Port Coquitlam,Councillor,Darrell Penner,,Darrell Penner,125,,,,
Port Coquitlam,Councillor,Paige Petriw,,Paige Petriw,125,,,,
Port Coquitlam,Councillor,Glenn Pollock,,Gordon Wickerson,125,,,,
Port Coquitlam,Councillor,Carmen Smith,,Elliott Smith,126,,,,
Port Coquitlam,Councillor,Dehara Thompson,,Vielda Morris,126,,,,
Port Coquitlam,Councillor,Dean Washington,,Dean Washington,126,,,,
Port Coquitlam,Mayor,Connor Fesenmaier,,Connor Fesenmaier,126,,,,
Port Coquitlam,Mayor,Brad West,,Brad West,126,,,,
Port Coquitlam,Mayor,Pasquale Zampieri,,Pasquale Zampieri,126,,,,
Port Edward,Councillor,James Brown,,James Brown,126,,,,
Port Edward,Councillor,Derek Franzen,,Derek Franzen,126,,,,
Port Edward,Councillor,Destiny Komadina,,Destiny Komadina,126,,,,
Port Edward,Councillor,James Lines,,James Lines,126,,,,
Port Edward,Councillor,Colleen McDonald,,Colleen McDonald,126,,,,
Port Edward,Councillor,Kevin Mudge,,Kevin Mudge,126,,,,
Port Edward,Mayor,Knut Bjorndal,,Knut Bjorndal,126,,,,
Port Edward,Mayor,Dan Franzen,,Dan Franzen,126,,,,
Port Hardy,Councillor,Don Braithwaite,,Don Braithwaite,126,,,,
Port Hardy,Councillor,Janet Dorward,,Janet Dorward,126,,,,
Port Hardy,Councillor,Alfred Gagnon,,Alfred Gagnon,126,,,,
Port Hardy,Councillor,David Grainger,,David Grainger,126,,,,
Port Hardy,Councillor,Athena Guy,,Athena Guy,127,,,,
Port Hardy,Councillor,Adam Ireton,,Adam Ireton,127,,,,
Port Hardy,Councillor,Doug Kerr,,Doug Kerr,127,,,,
Port Hardy,Councillor,Angela Porter,,Angela Porter,127,,,,
Port Hardy,Councillor,Gavin Scott,,Gavin Scott,127,,,,
Port Hardy,Councillor,David Summers,,David Summers,127,,,,
Port Hardy,Councillor,Brian Texmo,,Brian Texmo,127,,,,
Port Hardy,Councillor,John Tidbury,,John Tidbury,127,,,,
Port Hardy,Mayor,Pat Corbett-Labatt,,Pat Corbett-Labatt,127,,,,
Port McNeill,Councillor,Shelley Downey,,Shelley Downey,127,,,,
Port McNeill,Councillor,Janice Ellis,,Janice Ellis,127,,,,
Port McNeill,Councillor,Bill McQuarrie,,Bill McQuarrie,127,,,,
Port McNeill,Councillor,Leighann Ruel,,Leighann Ruel,127,,,,
Port McNeill,Mayor,James Furney,,James Furney,127,,,,
Port Moody,Councillor,Samantha Agtarap,,Marshal Wong,127,,,,
Port Moody,Councillor,Alexandra Chan,Port Moody Voice,Sebastian Thomas,127,,,,
Port Moody,Councillor,Diana Dilworth,,Diana Dilworth,127,,,,
Port Moody,Councillor,John Grasty,,John Grasty,127,,,,
Port Moody,Councillor,Kyla Knowles,,Christopher Moffatt,128,,,,
Port Moody,Councillor,Mark Kunzli,Port Moody Voice,Sebastian Thomas,128,,,,
Port Moody,Councillor,Paul Lambert,,Michael Rybacha,128,,,,
Port Moody,Councillor,Jeanine Longley,,Deborah Longley,128,,,,
Port Moody,Councillor,Amy Lubik,,Haley Grewal,128,,,,
Port Moody,Councillor,Reece Mack,Port Moody Voice,Sebastian Thomas,128,,,,
Port Moody,Councillor,Steve Milani,,Steve Milani,128,,,,
Port Moody,Councillor,Sebastian Moon,,Sebastian Moon,128,,,,
Port Moody,Councillor,Callan Morrison,,Callan Morrison,128,,,,
Port Moody,Councillor,Tracey Schaeffer,,Steven Holinaty,128,,,,
Port Moody,Councillor,Laura Soucy,Port Moody Voice,Sebastian Thomas,128,,,,
Port Moody,Councillor,Peter Thomasen,,Peter Thomasen,128,,,,
Port Moody,Mayor,Meghan Lahti,,Anthony Sandler,128,,,,
Port Moody,Mayor,Haven Lurbiecki,Port Moody Voice,Sebastian Thomas,128,,,,
Pouce Coupe,Councillor,Brianna Carriere,,Brianna Carriere,128,,,,
Pouce Coupe,Councillor,Raymond Johnston,,Raymond Johnston,128,,,,
Pouce Coupe,Councillor,Kurtis Rabel,,Kurtis Rabel,128,,,,
Pouce Coupe,Councillor,Chad Spencer,,Chad Spencer,128,,,,
Pouce Coupe,Councillor,James Wall,,James Wall,128,,,,
Pouce Coupe,Councillor,Tracey Winland,,Tracey Winland,129,,,,
Pouce Coupe,Councillor,Marcel Woodill,,Marcel Woodill,129,,,,
Pouce Coupe,Mayor,Lorraine Michetti,,Lorraine Michetti,129,,,,
Pouce Coupe,Mayor,Frank Ripley,,Frank Ripley,129,,,,
Pouce Coupe,Mayor,Danielle Veach,,Danielle Veach,129,,,,
Powell River,Councillor,Earl Almeida,,Earl Almeida,129,,,,
Powell River,Councillor,Bob Bogoslowski,,Bob Bogoslowski,129,,,,
Powell River,Councillor,Diana Collicutt,,Diana Collicutt,129,,,,
Powell River,Councillor,Cindy Elliott,,Cindy Elliott,129,,,,
Powell River,Councillor,Kieran Fogarty,,Elisabeth Wik,129,,,,
Powell River,Councillor,Darick Holler,,Darick Holler,129,,,,
Powell River,Councillor,Steve Hunter,,Steve Hunter,129,,,,
Powell River,Councillor,Trina Isakson,,Trina Isakson,129,,,,
Powell River,Councillor,Darryl Jackson,,Darryl Jackson,129,,,,
Powell River,Councillor,Henrietta Johnson,,Henrietta Johnson,129,,,,
Powell River,Councillor,Cathy Korolek,,Cathy Korolek,129,,,,
Powell River,Councillor,Eli Leyland,,Eli Leyland,129,,,,
Powell River,Councillor,Matthew Mowbrey,,Matthew Mowbrey,129,,,,
Powell River,Councillor,Michael Paemoller,,Michael Paemoller,130,,,,
Powell River,Councillor,Jesse Querin,,Jesse Querin,130,,,,
Powell River,Councillor,Dustin Silvey,,Dustin Silvey,130,,,,
Powell River,Councillor,Diane Sparks,,Diane Sparks,130,,,,
Powell River,Councillor,Paddy Treavor,,Paddy Treavor,130,,,,
Powell River,Councillor,Ted Vizzutti,,Ted Vizzutti,130,,,,
Powell River,Councillor,Roger Whittaker,,Jena Lohrback,130,,,,
Powell River,Councillor,Jordie Yow,,Jordie Yow,130,,,,
Powell River,Mayor,George Doubt,,George Doubt,130,,,,
Powell River,Mayor,Jan Gisborne,,Jan Gisborne,130,,,,
Powell River,Mayor,Jim Palm,,Jim Palm,130,,,,
Powell River,Mayor,Rob Southcott,,Susan Short,130,,,,
Prince George,Councillor,Tim Bennett,,Nicole Krizmanich,130,,,,
Prince George,Councillor,Shawn Bortolon,,Angela Scully,130,,,,
Prince George,Councillor,Nicole Fraser,,Nicole Fraser,130,,,,
Prince George,Councillor,Jesi Janjua,,Raylene Janjua,130,,,,
Prince George,Councillor,Trudy Klassen,,Trudy Klassen,130,,,,
Prince George,Councillor,Tucker Krause,,Tucker Krause,130,,,,
Prince George,Councillor,Trenten Laarz,,Trenten Laarz,131,,,,
Prince George,Councillor,Dan McLaren,,Donna Flood,131,,,,
Prince George,Councillor,Anthony Okechukwu,,Tamara Luke,131,,,,
Prince George,Councillor,Rajendar Parmar,,Rajendar Parmar,131,,,,
Prince George,Councillor,Dan Pears,,Coralie Wilkinson,131,,,,
Prince George,Councillor,Ron Polillo,,Ron Polillo,131,,,,
Prince George,Councillor,Bob Radloff,,Miranda Kynoch,131,,,,
Prince George,Councillor,Cori Ramsay,,Cori Ramsay,131,,,,
Prince George,Councillor,Susan Scott,,Carol Worthington,131,,,,
Prince George,Councillor,Brian Skakun,,Brian Skakun,131,,,,
Prince George,Councillor,James Steidle,,James Steidle,131,,,,
Prince George,Councillor,Bruce Wayne,,Louise Blais,131,,,,
Prince George,Councillor,John Zukowski,,John Zukowski,131,,,,
Prince George,Mayor,Ernesto Caranto,,Ernesto Caranto,131,,,,
Prince George,Mayor,Marc Carrier,,Marc Carrier,131,,,,
Prince George,Mayor,Randy Danchuk,,Randy Danchuk,131,,,,
Prince George,Mayor,Garth Frizzell,,David Nielsen,131,,,,
Prince George,Mayor,Keenan Murphy,,Keenan Murphy,131,,,,
Prince George,Mayor,Zachariah Olson,,Zachariah Olson,132,,,,
Prince George,Mayor,Kyle Sampson,,Gaye Wildeman,132,,,,
Prince George,Mayor,Roy Stewart,,Eric Evans,132,,,,
Prince George,Mayor,Simon Yu,,Tao Xu,132,,,,
Prince George School District,Board of Education Trustee,Lianne Abbott,,Lianne Abbott,132,,,,
Prince George School District,Board of Education Trustee,Cory Antrim,,Cory Antrim,132,,,,
Prince George School District,Board of Education Trustee,Craig Brennan,,Craig Brennan,132,,,,
Prince George School District,Board of Education Trustee,Laurie Dillman,,Laurie Dillman,132,,,,
Prince George School District,Board of Education Trustee,Samantha Hermanson,,Samantha Hermanson,132,,,,
Prince George School District,Board of Education Trustee,Sarah Holland,,Sarah Holland,132,,,,
Prince George School District,Board of Education Trustee,Tianna Klein,,Tianna Klein,132,,,,
Prince George School District,Board of Education Trustee,David Low,,David Low,132,,,,
Prince George School District,Board of Education Trustee,Shar McCrory,,Shar McCrory,132,,,,
Prince George School District,Board of Education Trustee,Erica McLean,,Erica McLean,132,,,,
Prince George School District,Board of Education Trustee,Barb McNab,,Barb McNab,132,,,,
Prince George School District,Board of Education Trustee,Lisa Mitchell,,Lisa Mitchell,132,,,,
Prince George School District,Board of Education Trustee,Sara Patterson,,Sara Patterson,132,,,,
Prince George School District,Board of Education Trustee,Monica Peacock,,Monica Peacock,132,,,,
Prince George School District,Board of Education Trustee,Don Sabo,,Don Sabo,133,,,,
Prince George School District,Board of Education Trustee,Jake Skakun,,Jake Skakun,133,,,,
Prince George School District,Board of Education Trustee,David Szucsko,,David Szucsko,133,,,,
Prince George School District,Board of Education Trustee,Rob Thompson,,Rob Thompson,133,,,,
Prince Rupert,Councillor,Nick Adey,,Nick Adey,133,,,,
Prince Rupert,Councillor,Ejaz Chaudhry,,Ejaz Chaudhry,133,,,,
Prince Rupert,Councillor,Barry Cunningham,,David Smith,133,,,,
Prince Rupert,Councillor,Teri Forster,,Teri Forster,133,,,,
Prince Rupert,Councillor,Wade Niesh,,Wade Niesh,133,,,,
Prince Rupert,Councillor,Andrea Pollock,,Andrea Pollock,133,,,,
Prince Rupert,Councillor,Jessica Sallenback,,Thomas Sawatzky,133,,,,
Prince Rupert,Councillor,James Warburton,,James Warburton,133,,,,
Prince Rupert,Mayor,Herb Pond,,Herb Pond,133,,,,
Prince Rupert School District,Board of Education Trustee,Katie Beach,,Katie Beach,133,,,,
Prince Rupert School District,Board of Education Trustee,Janet Beil,,Janet Beil,133,,,,
Prince Rupert School District,Board of Education Trustee,Karen Buchanan,,Karen Buchanan,133,,,,
Prince Rupert School District,Board of Education Trustee,Danielle Dalton,,Danielle Dalton,133,,,,
Prince Rupert School District,Board of Education Trustee,Mary Denton,,Mary Denton,133,,,,
Prince Rupert School District,Board of Education Trustee,Jeremie Diesel,,Jeremie Diesel,134,,,,
Prince Rupert School District,Board of Education Trustee,James Horne,,James Horne,134,,,,
Prince Rupert School District,Board of Education Trustee,Kristy Maier,,Kristy Maier,134,,,,
Prince Rupert School District,Board of Education Trustee,Martin Pariseau,,Martin Pariseau,134,,,,
Princeton,Councillor,George Elliott,,George Elliott,134,,,,
Princeton,Councillor,Barb Gould,,Barb Gould,134,,,,
Princeton,Councillor,Randy McLean,,Randy McLean,134,,,,
Princeton,Councillor,Chris Obey,,Chris Obey,134,,,,
Princeton,Councillor,Doug Pateman,,Doug Pateman,134,,,,
Princeton,Councillor,Paula Shackleton,,Paula Shackleton,134,,,,
Princeton,Councillor,Dayton Wales,,Dayton Wales,134,,,,
Princeton,Councillor,Amanda Werry,,Amanda Werry,134,,,,
Princeton,Councillor,Tyler Willis,,Tyler Willis,134,,,,
Princeton,Mayor,Karen Angstadt,,Kathy Wiens,134,,,,
Princeton,Mayor,Spencer Coyne,,Spencer Coyne,134,,,,
Princeton,Mayor,Michael (Maz) Mazurek,,Michael (Maz) Mazurek,134,,,,
qathet Regional District,Electoral Area Director,Shelley Garside,,Shelley Garside,134,,,,
qathet Regional District,Electoral Area Director,Mark Gisborne,,Mark Gisborne,134,,,,
qathet Regional District,Electoral Area Director,Evan Jones,,Evan Jones,135,,,,
qathet Regional District,Electoral Area Director,Jason Lennox,,Jason Lennox,135,,,,
qathet Regional District,Electoral Area Director,Tom Read,,Tom Read,135,,,,
qathet Regional District,Electoral Area Director,Joseph Scott,,Joseph Scott,135,,,,
qathet Regional District,Electoral Area Director,Pachiel Smith,,Pachiel Smith,135,,,,
qathet Regional District,Electoral Area Director,Noel Taylor,,Noel Taylor,135,,,,
qathet School District,Board of Education Trustee,Dagmar Claussen,,Dagmar Claussen,135,,,,
qathet School District,Board of Education Trustee,Gretchen Conti,,Gretchen Conti,135,,,,
qathet School District,Board of Education Trustee,Rachel Harriman,,Rachel Harriman,135,,,,
qathet School District,Board of Education Trustee,Heidi Jackson,,Heidi Jackson,135,,,,
qathet School District,Board of Education Trustee,Maureen Mason,,Maureen Mason,135,,,,
qathet School District,Board of Education Trustee,Jaclyn Miller,,Jaclyn Miller,135,,,,
qathet School District,Board of Education Trustee,Lynn Price,,Lynn Price,135,,,,
qathet School District,Board of Education Trustee,Dave Stirling,,Dave Stirling,135,,,,
Qualicum Beach,Councillor,Donald Couzens,,Donald Couzens,135,,,,
Qualicum Beach,Councillor,Robert Filmer,,Robert Filmer,135,,,,
Qualicum Beach,Councillor,Scott Harrison,,Scott Harrison,135,,,,
Qualicum Beach,Councillor,Mischa Oak,,Mischa Oak,135,,,,
Qualicum Beach,Councillor,Anne Skipsey,,Randall Lewis,136,,,,
Qualicum Beach,Councillor,Melissa Worth,,Melissa Worth,136,,,,
Qualicum Beach,Councillor,Jean Young,,Jean Young,136,,,,
Qualicum Beach,Mayor,Nessa Cymbalisty,,Nessa Cymbalisty,136,,,,
Qualicum Beach,Mayor,Adam Walker,,Adam Walker,136,,,,
Qualicum Beach,Mayor,Teunis Westbroek,,Teunis Westbroek,136,,,,
Qualicum School District,Board of Education Trustee,Steve Adams,,Steve Adams,136,,,,
Qualicum School District,Board of Education Trustee,Julie Austin,,Julie Austin,136,,,,
Qualicum School District,Board of Education Trustee,Linda D'Adamo,,Linda D'Adamo,136,,,,
Qualicum School District,Board of Education Trustee,Angel Delange,,Angel Delange,136,,,,
Qualicum School District,Board of Education Trustee,Eve Flynn,,Eve Flynn,136,,,,
Qualicum School District,Board of Education Trustee,Jovan Johnson,,Jovan Johnson,136,,,,
Qualicum School District,Board of Education Trustee,Mark Macey,,Mark Macey,136,,,,
Qualicum School District,Board of Education Trustee,Mike McMillen,,Mike McMillen,136,,,,
Qualicum School District,Board of Education Trustee,Brian Nikula,,Brian Nikula,136,,,,
Qualicum School District,Board of Education Trustee,Dan Noble,,Dan Noble,136,,,,
Qualicum School District,Board of Education Trustee,Garry Pendergast,,Garry Pendergast,136,,,,
Qualicum School District,Board of Education Trustee,Ross Pepper,,Ross Pepper,136,,,,
Qualicum School District,Board of Education Trustee,R. Elaine Young,,Cathrine Albert,137,,,,
Qualicum School District,Board of Education Trustee,Mike Schneider,,Mike Schneider,137,,,,
Qualicum School District,Board of Education Trustee,Jasmine Tomczyk,,Jasmine Tomczyk,137,,,,
Qualicum School District,Board of Education Trustee,Raymond Woroniak,,Raymond Woroniak,137,,,,
Quesnel,Councillor,Ryan Adams,,Ryan Adams,137,,,,
Quesnel,Councillor,Michael Cave,,Michael Cave,137,,,,
Quesnel,Councillor,Joni Davis,,Joni Davis,137,,,,
Quesnel,Councillor,Jeremy Drew,,Jeremy Drew,137,,,,
Quesnel,Councillor,Scott Elliott,,Scott Elliott,137,,,,
Quesnel,Councillor,Ben Freeman,,Ben Freeman,137,,,,
Quesnel,Councillor,Tony Goulet,,Tony Goulet,137,,,,
Quesnel,Councillor,Jay Jardosh,,Jay Jardosh,137,,,,
Quesnel,Councillor,Robert Leclerc,,Robert Leclerc,137,,,,
Quesnel,Councillor,Susan MacNeill,,Susan MacNeill,137,,,,
Quesnel,Councillor,Debra McKelvie,,Debra McKelvie,137,,,,
Quesnel,Councillor,Linda Nelson,,Linda Nelson,137,,,,
Quesnel,Councillor,Laurey-Anne Roodenburg,,Laurey-Anne Roodenburg,137,,,,
Quesnel,Councillor,Martin Runge,,Martin Runge,137,,,,
Quesnel,Councillor,Duane Schultz,,Duane Schultz,138,,,,
Quesnel,Councillor,Chad Stump,,Chad Stump,138,,,,
Quesnel,Councillor,Richard Sutton,,Richard Sutton,138,,,,
Quesnel,Councillor,Mitch Vik,,Mitch Vik,138,,,,
Quesnel,Mayor,Coralee Oakes,,Coralee Oakes,138,,,,
Quesnel,Mayor,Ron Paull,,Ron Paull,138,,,,
Quesnel,Mayor,Brian Waters,,Brian Waters,138,,,,
Quesnel School District,Board of Education Trustee,Kathy Beauvillier,,Kathy Beauvillier,138,,,,
Quesnel School District,Board of Education Trustee,Lisa Boudreau,,Lisa Boudreau,138,,,,
Quesnel School District,Board of Education Trustee,Vickie Campbell,,Vickie Campbell,138,,,,
Quesnel School District,Board of Education Trustee,Ben Freeman,,Ben Freeman,138,,,,
Quesnel School District,Board of Education Trustee,Tony Goulet,,Tony Goulet,138,,,,
Quesnel School District,Board of Education Trustee,Megan Graham,,Megan Graham,138,,,,
Quesnel School District,Board of Education Trustee,Melissa Huska,,Melissa Huska,138,,,,
Quesnel School District,Board of Education Trustee,Tarin Lefebvre,,Tarin Lefebvre,138,,,,
Quesnel School District,Board of Education Trustee,Mike Page,,Mike Page,138,,,,
Quesnel School District,Board of Education Trustee,Julie-Anne Runge,,Julie-Anne Runge,138,,,,
Quesnel School District,Board of Education Trustee,Blanca Schorcht,,Blanca Schorcht,138,,,,
Quesnel School District,Board of Education Trustee,Lisa Scott,,Noah Visser,139,,,,
Quesnel School District,Board of Education Trustee,Tracy Telford,,Tracy Telford,139,,,,
Radium Hot Springs,Councillor,Jessie Blakley,,Jessie Blakley,139,,,,
Radium Hot Springs,Councillor,Carey Collin,,Carey Collin,139,,,,
Radium Hot Springs,Councillor,Christi Ferguson-Huston,,Christi Ferguson-Huston,139,,,,
Radium Hot Springs,Councillor,Jessica Hill,,Jessica Hill,139,,,,
Radium Hot Springs,Councillor,Erin Palashniuk,,Erin Palashniuk,139,,,,
Radium Hot Springs,Mayor,Mike Gray,,Tim Richards,139,,,,
Radium Hot Springs,Mayor,Cris Leonard,,Cris Leonard,139,,,,
Revelstoke,Councillor,Bishop Carasquero,,Bishop Carasquero,139,,,,
Revelstoke,Councillor,Matt Cherry,,Matt Cherry,139,,,,
Revelstoke,Councillor,Brenda Demone,,Brenda Demone,139,,,,
Revelstoke,Councillor,Lee Devlin,,Lee Devlin,139,,,,
Revelstoke,Councillor,Sarah Erikson,,Sarah Erikson,139,,,,
Revelstoke,Councillor,Robyn Goldsmith,,Robyn Goldsmith,139,,,,
Revelstoke,Councillor,Jamie Hobgood,,Jamie Hobgood,139,,,,
Revelstoke,Councillor,John Hordyk,,John Hordyk,139,,,,
Revelstoke,Councillor,Austin Luciow,,Austin Luciow,139,,,,
Revelstoke,Councillor,Aaron Orlando,,Aaron Orlando,140,,,,
Revelstoke,Councillor,Tim Stapenhurst,,Tim Stapenhurst,140,,,,
Revelstoke,Councillor,Brian Trafford,,Brian Trafford,140,,,,
Revelstoke,Mayor,Taha Attiah,,Taha Attiah,140,,,,
Revelstoke,Mayor,Tim Palmer,,Peter Humphreys,140,,,,
Revelstoke,Mayor,Gary Sulz,,Gary Sulz,140,,,,
Revelstoke School District,Board of Education Trustee,Jodie Allen,,Jodie Allen,140,,,,
Revelstoke School District,Board of Education Trustee,Alan Chell,,Alan Chell,140,,,,
Revelstoke School District,Board of Education Trustee,Joanne Gawler,,Joanne Gawler,140,,,,
Revelstoke School District,Board of Education Trustee,Lisa Moore,,Lisa Moore,140,,,,
Revelstoke School District,Board of Education Trustee,Wendy Rota,,Wendy Rota,140,,,,
Revelstoke School District,Board of Education Trustee,Sasha Walsh,,Sasha Walsh,140,,,,
Richmond,Councillor,Andy Z Wang,,Andy Z Wang,140,,,,
Richmond,Councillor,Adil Awan,,Adil Awan,140,,,,
Richmond,Councillor,Dale Bains,Conservative,David Denhoff,140,,,,
Richmond,Councillor,Bob Basanti,Richmond Strong,Alexa Loo,140,,,,
Richmond,Councillor,Romeo Bicego,Richmond Forward,Dereck Hamada,140,,,,
Richmond,Councillor,Oday Brahem,Conservative,David Denhoff,140,,,,
Richmond,Councillor,Jack Chen,We Are Richmond,Jack Chen,141,,,,
Richmond,Councillor,Alton Cheung,Richmond Citizens (RCA),Samia Khan,141,,,,
Richmond,Councillor,Kenny Chiu,Common Sense,Sacha Peter,141,,,,
Richmond,Councillor,Mario Cruz,,Mario Cruz,141,,,,
Richmond,Councillor,Carol Day,RITE Richmond,James Day,141,,,,
Richmond,Councillor,Jessy Dhillon,,Jessy Dhillon,141,,,,
Richmond,Councillor,Jerome Dickey,RITE Richmond,James Day,141,,,,
Richmond,Councillor,Adam Dobrer,Conservative,David Denhoff,141,,,,
Richmond,Councillor,Tim Fan,,Tim Fan,141,,,,
Richmond,Councillor,Donald Flintoff,,Donald Flintoff,141,,,,
Richmond,Councillor,Mike Gill,Richmond United,Lynn Hobbs,141,,,,
Richmond,Councillor,Laura Gillanders,RITE Richmond,James Day,141,,,,
Richmond,Councillor,Edward He,Action Richmond,Edward He,141,,,,
Richmond,Councillor,Andy Hobbs,Richmond United,Lynn Hobbs,141,,,,
Richmond,Councillor,Louis Huang,,Hongyun Chen,141,,,,
Richmond,Councillor,Howard Jampolsky,Richmond Forward,Dereck Hamada,141,,,,
Richmond,Councillor,Jeff Jiang,Richmond Strong,Yong Xiong Sun,141,,,,
Richmond,Councillor,Milan Kljajic,,Milan Kljajic,141,,,,
Richmond,Councillor,Alan Lackstein,,Alan Lackstein,142,,,,
Richmond,Councillor,Kevin Lai,Advance Richmond,Kevin Lai,142,,,,
Richmond,Councillor,Kevin Lainchbury,ONE Richmond,Kevin Lainchbury,142,,,,
Richmond,Councillor,Gary Law,Advance Richmond,Raymond Leung,142,,,,
Richmond,Councillor,Pak Hing (Ben) Lee,,Pak Hing (Ben) Lee,142,,,,
Richmond,Councillor,Shelley Leonhardt,Richmond Forward,Dereck Hamada,142,,,,
Richmond,Councillor,Thomas Leung,Common Sense,Sacha Peter,142,,,,
Richmond,Councillor,Vincent Li,Richmond Citizens (RCA),Samia Khan,142,,,,
Richmond,Councillor,Michael Lok,We Are Richmond,Mimi Cheng,142,,,,
Richmond,Councillor,Christine Jenny Mata,We Are Richmond,Mimi Cheng,142,,,,
Richmond,Councillor,Andrew Mrozowski,,Andrew Mrozowski,142,,,,
Richmond,Councillor,Karen Novorr-Pezzuto,Richmond Strong,Alexa Loo,142,,,,
Richmond,Councillor,"Antonio ""Tony"" Ortega",We Are Richmond,Mimi Cheng,142,,,,
Richmond,Councillor,Dennis Page,,Dennis Page,142,,,,
Richmond,Councillor,Hong Yan Melody Pan,,Hong Yan Melody Pan,142,,,,
Richmond,Councillor,Keefer Pelech,Richmond Citizens (RCA),Samia Khan,142,,,,
Richmond,Councillor,Lisa Phillips,Conservative,David Denhoff,142,,,,
Richmond,Councillor,Wallace Pong,Advance Richmond,Wallace Pong,142,,,,
Richmond,Councillor,Tamás Revóczi,Richmond Citizens (RCA),Samia Khan,143,,,,
Richmond,Councillor,Alex Sagert,Conservative,David Denhoff,143,,,,
Richmond,Councillor,Adnan Sarwar,We Are Richmond,Mimi Cheng,143,,,,
Richmond,Councillor,Sheldon Starrett,Advance Richmond,Sheldon Starrett,143,,,,
Richmond,Councillor,Glenda Strang,Common Sense,Sacha Peter,143,,,,
Richmond,Councillor,Daniel Tsang,,Daniel Tsang,143,,,,
Richmond,Councillor,Grace Tsang,Advance Richmond,Grace Tsang,143,,,,
Richmond,Councillor,Jizhou William Wang,Advance Richmond,Jizhou William Wang,143,,,,
Richmond,Councillor,Sam Wang,Advance Richmond,Sam Wang,143,,,,
Richmond,Councillor,Michael Wolfe,RITE Richmond,James Day,143,,,,
Richmond,Councillor,Milly Yee,Richmond Citizens (RCA),Samia Khan,143,,,,
Richmond,Councillor,Eric Yung,Richmond Forward,Dereck Hamada,143,,,,
Richmond,Councillor,Melissa Zhang,Richmond Forward,Dereck Hamada,143,,,,
Richmond,Mayor,Dickens Cheung,We Are Richmond,Mimi Cheng,143,,,,
Richmond,Mayor,Kash Heed,,Loussine Kadian,143,,,,
Richmond,Mayor,Rob Howard,Richmond Forward,Dereck Hamada,143,,,,
Richmond,Mayor,Mei Kang,Action Richmond,William Yau,143,,,,
Richmond,Mayor,Goldentiger King,,Goldentiger King,143,,,,
Richmond,Mayor,"Dennet ""The cat guy"" Lee",,Chenxi Zhang,144,,,,
Richmond,Mayor,Alexa Loo,Richmond Strong,Alexa Loo,144,,,,
Richmond,Mayor,Henry Yao,,Jonathan Chan,144,,,,
Richmond School District,Board of Education Trustee,Rod Belleza,Advance Richmond,Rod Belleza,144,,,,
Richmond School District,Board of Education Trustee,Dean Billings,Advance Richmond,Dean Billings,144,,,,
Richmond School District,Board of Education Trustee,Danny Chang,Advance Richmond,Danny Chang,144,,,,
Richmond School District,Board of Education Trustee,Hongyun Chen,,Luoyi Huang,144,,,,
Richmond School District,Board of Education Trustee,Lawrence Chen,,Lawrence Chen,144,,,,
Richmond School District,Board of Education Trustee,Calvin Dang,,Calvin Dang,144,,,,
Richmond School District,Board of Education Trustee,Kiana Dashtbazi,,Kiana Dashtbazi,144,,,,
Richmond School District,Board of Education Trustee,Ken Hamaguchi,Richmond Education Party,Ken Hamaguchi,144,,,,
Richmond School District,Board of Education Trustee,Aithan Kang,,Aithan Kang,144,,,,
Richmond School District,Board of Education Trustee,Ausha Kang,,Ausha Kang,144,,,,
Richmond School District,Board of Education Trustee,Heather Larson,Richmond Education Party,Heather Larson,144,,,,
Richmond School District,Board of Education Trustee,Vivien Lee,,Vivien Lee,144,,,,
Richmond School District,Board of Education Trustee,Martin Li,Richmond Education Party,Martin Li,144,,,,
Richmond School District,Board of Education Trustee,Bill Mok,Richmond Education Party,Sandra Scherban,144,,,,
Richmond School District,Board of Education Trustee,Sandra Nixon,Empower Education Richmond,Sandra Nixon,144,,,,
Richmond School District,Board of Education Trustee,Jordan Oye,,Jordan Oye,145,,,,
Richmond School District,Board of Education Trustee,Helen Quan,,Ching-Yeh Tsai,145,,,,
Richmond School District,Board of Education Trustee,Donna Sargent,,Donna Sargent,145,,,,
Richmond School District,Board of Education Trustee,Willy Sinconegue,Advance Richmond,Willy Sinconegue,145,,,,
Richmond School District,Board of Education Trustee,Debbie Tabolotney,Empower Education Richmond,Debbie Tabolotney,145,,,,
Richmond School District,Board of Education Trustee,Phyllis Tang,Advance Richmond,Phyllis Tang,145,,,,
Richmond School District,Board of Education Trustee,Nancy Williams,,Nancy Williams,145,,,,
Richmond School District,Board of Education Trustee,Alice Wong,Common Sense,Sacha Peter,145,,,,
Richmond School District,Board of Education Trustee,Sophia Woo,Advance Richmond,Sophia Woo,145,,,,
Richmond School District,Board of Education Trustee,David Yang,Empower Education Richmond,David Yang,145,,,,
Richmond School District,Board of Education Trustee,John Zhang,,John Zhang,145,,,,
Rocky Mountain School District,Board of Education Trustee,Betty Lou Barrett,,Betty Lou Barrett,145,,,,
Rocky Mountain School District,Board of Education Trustee,Amber Byklum,,Amber Byklum,145,,,,
Rocky Mountain School District,Board of Education Trustee,Matthew Chapman,,Matthew Chapman,145,,,,
Rocky Mountain School District,Board of Education Trustee,David Dunlop,,David Dunlop,145,,,,
Rocky Mountain School District,Board of Education Trustee,Jane Fearing,,Jane Fearing,145,,,,
Rocky Mountain School District,Board of Education Trustee,Scott King,,Scott King,145,,,,
Rocky Mountain School District,Board of Education Trustee,Glenna McClenahan,,Glenna McClenahan,145,,,,
Rocky Mountain School District,Board of Education Trustee,Ron McRae,,Ron McRae,146,,,,
Rocky Mountain School District,Board of Education Trustee,Darryl Oakley,,Darryl Oakley,146,,,,
Rocky Mountain School District,Board of Education Trustee,Noelle Smith,,Noelle Smith,146,,,,
Rocky Mountain School District,Board of Education Trustee,Cory Stanbury,,Cory Stanbury,146,,,,
Rocky Mountain School District,Board of Education Trustee,Jane Thurgood Sagal,,Jane Thurgood Sagal,146,,,,
Rocky Mountain School District,Board of Education Trustee,Justin Woodman,,Justin Woodman,146,,,,
Rossland,Councillor,Daniel Eheler,,Daniel Eheler,146,,,,
Rossland,Councillor,Mark Godin,,Mark Godin,146,,,,
Rossland,Councillor,Craig Humpherys,,Craig Humpherys,146,,,,
Rossland,Councillor,Tara McDougall,,Tara McDougall,146,,,,
Rossland,Councillor,Melanie Mercier,,Melanie Mercier,146,,,,
Rossland,Councillor,Andy Morel,,Andy Morel,146,,,,
Rossland,Councillor,Maya Provencal,,Maya Provencal,146,,,,
Rossland,Councillor,Darin Recchi,,Darin Recchi,146,,,,
Rossland,Councillor,Sharon Roberts,,Sharon Roberts,146,,,,
Rossland,Councillor,Trista Sulman,,Trista Sulman,146,,,,
Rossland,Councillor,Matthew Watkins,,Matthew Watkins,146,,,,
Rossland,Councillor,Jeff Weaver,,Jeff Weaver,146,,,,
Rossland,Mayor,Lisa Kwiatkowski,,Lisa Kwiatkowski,147,,,,
Rossland,Mayor,Janice Nightingale,,Janice Nightingale,147,,,,
Saanich,Councillor,Alli Deelstra,,Alli Deelstra,147,,,,
Saanich,Councillor,Colette Baty,,Heather Chestnutt,147,,,,
Saanich,Councillor,Erin Elizabeth Booth,,Erin Elizabeth Booth,147,,,,
Saanich,Councillor,Susan Brice,,Debra Maclean,147,,,,
Saanich,Councillor,Judy Brownoff,,Vicki Lynn Sanders,147,,,,
Saanich,Councillor,Kathleen Burton,,Sandra Menzies,147,,,,
Saanich,Councillor,Don Cameron,,Don Cameron,147,,,,
Saanich,Councillor,Nathalie Chambers,,Keith Cherry,147,,,,
Saanich,Councillor,Mauricio Curbelo,,Mauricio Curbelo,147,,,,
Saanich,Councillor,Lorne DeLarge,SAVE OUR SAANICH,Martin Cheliak,147,,,,
Saanich,Councillor,Nancy Di Castri,SAVE OUR SAANICH,Doug Pelton,147,,,,
Saanich,Councillor,Finn Fairbairn,,Joel Fairbairn,147,,,,
Saanich,Councillor,Noah Fruttarol,,Blake Baldwin,147,,,,
Saanich,Councillor,Hollis Hodson,,Hollis Hodson,147,,,,
Saanich,Councillor,Garnett Humenick,,Garnett Humenick,147,,,,
Saanich,Councillor,Sasha Izard,,Tufton Mcpherson,147,,,,
Saanich,Councillor,Laurie Lidstone,SAVE OUR SAANICH,Laurie Lidstone,147,,,,
Saanich,Councillor,Matt McGeachie,SAVE OUR SAANICH,Matt McGeachie,148,,,,
Saanich,Councillor,Teale Phelps Bondaroff,,Teale Phelps Bondaroff,148,,,,
Saanich,Councillor,Colin Plant,,Colin Plant,148,,,,
Saanich,Councillor,Harjas Singh Popli,,Mark McInnes,148,,,,
Saanich,Councillor,Brendan Ralfs,,Brendan Ralfs,148,,,,
Saanich,Councillor,Nic Renaud,,Nic Renaud,148,,,,
Saanich,Councillor,Tia Sibbald,,Tia Sibbald,148,,,,
Saanich,Councillor,Jordan Weaver,,Andrew Weaver,148,,,,
Saanich,Councillor,Sierra Wicks-Irving,,Sierra Wicks-Irving,148,,,,
Saanich,Councillor,Graham Wright,SAVE OUR SAANICH,Graham Wright,148,,,,
Saanich,Mayor,Zac de Vries,,Zac de Vries,148,,,,
Saanich,Mayor,Karen Harper,,Sandra Menzies,148,,,,
Saanich,Mayor,Rishi Sharma,SAVE OUR SAANICH,Kris Sharma,148,,,,
Saanich,Mayor,Robin Stanbridge,,Robin Stanbridge,148,,,,
Saanich School District,Board of Education Trustee,Alicia Allen,,Alicia Allen,148,,,,
Saanich School District,Board of Education Trustee,Tim Dunford,,Tim Dunford,148,,,,
Saanich School District,Board of Education Trustee,Keven Elder,,Keven Elder,148,,,,
Saanich School District,Board of Education Trustee,Jordan Gerrard,,Jordan Gerrard,148,,,,
Saanich School District,Board of Education Trustee,Susan Hickman,,Susan Hickman,149,,,,
Saanich School District,Board of Education Trustee,Monique Hiltz,,Monique Hiltz,149,,,,
Saanich School District,Board of Education Trustee,Karen MacEwan,,Michael MacEwan,149,,,,
Saanich School District,Board of Education Trustee,Joey Martin,,Joey Martin,149,,,,
Saanich School District,Board of Education Trustee,Victoria Martin,,Brent Carbery,149,,,,
Saanich School District,Board of Education Trustee,Yaz Prince,,Yaz Prince,149,,,,
Saanich School District,Board of Education Trustee,Kal Russell,,Kal Russell,149,,,,
Saanich School District,Board of Education Trustee,Teri Vanwell,,Teri Vanwell,149,,,,
Salmo,Councillor,Suzy Gallie,,Suzy Gallie,149,,,,
Salmo,Councillor,James Gonella,,James Gonella,149,,,,
Salmo,Councillor,Kyle Gouin,,Kyle Gouin,149,,,,
Salmo,Councillor,Colin Hango,,Colin Hango,149,,,,
Salmo,Councillor,Jennifer Lins,,Jennifer Lins,149,,,,
Salmo,Mayor,Payton McKellar,,Payton McKellar,149,,,,
Salmon Arm,Councillor,Aaron Canart,,Jamie Canart,149,,,,
Salmon Arm,Councillor,Debbie Cannon,,Debbie Cannon,149,,,,
Salmon Arm,Councillor,Shelley Desautels,,Shelley Desautels,149,,,,
Salmon Arm,Councillor,River Grabowsky,,River Grabowsky,149,,,,
Salmon Arm,Councillor,Ian Gray,,Ian Gray,150,,,,
Salmon Arm,Councillor,Vic Hamilton,,Vic Hamilton,150,,,,
Salmon Arm,Councillor,Owen Madden,,Owen Madden,150,,,,
Salmon Arm,Councillor,Jo McDermott,,Jo McDermott,150,,,,
Salmon Arm,Councillor,Anthony McLean,,Anthony McLean,150,,,,
Salmon Arm,Councillor,Adam Meikle,,Jenna Meikle,150,,,,
Salmon Arm,Councillor,Drayson Netzelwood,,Drayson Netzelwood,150,,,,
Salmon Arm,Councillor,Scott Syme,,Scott Syme,150,,,,
Salmon Arm,Councillor,Kari Toliver Wilkinson,,Kari Toliver Wilkinson,150,,,,
Salmon Arm,Councillor,Marianne VanBuskirk,,Marianne VanBuskirk,150,,,,
Salmon Arm,Councillor,Louise Wallace Richmond,,Louise Wallace Richmond,150,,,,
Salmon Arm,Councillor,Robin Wiens,,Robin Wiens,150,,,,
Salmon Arm,Mayor,Daniel Bardy,,Daniel Bardy,150,,,,
Salmon Arm,Mayor,Alan Harrison,,Debbie Harrison,150,,,,
Sayward,Councillor,Liz Conway,,Liz Conway,150,,,,
Sayward,Councillor,Michelle Davis,,Michelle Davis,150,,,,
Sayward,Councillor,Maureen Haslehurst,,Maureen Haslehurst,150,,,,
Sayward,Councillor,William Ives,,William Ives,150,,,,
Sayward,Councillor,Jackie Lyons,,Jackie Lyons,151,,,,
Sayward,Councillor,Niel MacDougall,,Niel MacDougall,151,,,,
Sayward,Mayor,Jan Bakker,,Jan Bakker,151,,,,
Sayward,Mayor,Jessica Bennett,,Jessica Bennett,151,,,,
Sayward,Mayor,Jason Johnson,,Jason Johnson,151,,,,
Sea to Sky School District,Board of Education Trustee,Rebecca Barley,,Rebecca Barley,151,,,,
Sea to Sky School District,Board of Education Trustee,Celeste Bickford,,Celeste Bickford,151,,,,
Sea to Sky School District,Board of Education Trustee,Susan Hamersley,,Susan Hamersley,151,,,,
Sea to Sky School District,Board of Education Trustee,Cynthia Higgins,,Cynthia Higgins,151,,,,
Sea to Sky School District,Board of Education Trustee,April Lowe,,April Lowe,151,,,,
Sea to Sky School District,Board of Education Trustee,Leanne Roderick,,Leanne Roderick,151,,,,
Sea to Sky School District,Board of Education Trustee,Melissa Ronayne,,Melissa Ronayne,151,,,,
Sea to Sky School District,Board of Education Trustee,Dalia Shehata,,Dalia Shehata,151,,,,
Sea to Sky School District,Board of Education Trustee,Lisa Turpin,,Lisa Turpin,151,,,,
Sea to Sky School District,Board of Education Trustee,Robyn Walters,,Robyn Walters,151,,,,
Sechelt,Councillor,Desmond Das,,Neelam Datt,151,,,,
Sechelt,Councillor,Mary Degan,,Mary Degan,151,,,,
Sechelt,Councillor,Landon Dixon,,Landon Dixon,151,,,,
Sechelt,Councillor,Marc Emery,,Marc Emery,152,,,,
Sechelt,Councillor,Dan Fouillard,,Dan Fouillard,152,,,,
Sechelt,Councillor,Allan Holt,,Allan Holt,152,,,,
Sechelt,Councillor,Lisa Humphries,,Lisa Humphries,152,,,,
Sechelt,Councillor,Darren Inkster,,Darren Inkster,152,,,,
Sechelt,Councillor,Pamela Jones,,Pamela Jones,152,,,,
Sechelt,Councillor,Thomas Lamb,,Thomas Lamb,152,,,,
Sechelt,Councillor,Anna MacNeil,,Annette Chernin,152,,,,
Sechelt,Councillor,Craig Moore,,Craig Moore,152,,,,
Sechelt,Councillor,Bruce Randall,,Bruce Randall,152,,,,
Sechelt,Councillor,Adam Shepherd,,Adam Shepherd,152,,,,
Sechelt,Councillor,Darnelda Siegers,,Darnelda Siegers,152,,,,
Sechelt,Councillor,Rose Steele,,Rose Steele,152,,,,
Sechelt,Councillor,Gary Trinder,,Gary Trinder,152,,,,
Sechelt,Councillor,Joanne van Ginkel,,William Kyle,152,,,,
Sechelt,Councillor,Ken Whitaker,,Ken Whitaker,152,,,,
Sechelt,Mayor,Paul Dhillon,,Dale Golby,152,,,,
Sechelt,Mayor,John R Henderson,,Kerry Jenkins,152,,,,
Sechelt,Mayor,Dianne McLauchlan,,Jean Stewart,153,,,,
Sechelt,Mayor,Alton Toth,,Tracey McClelland,153,,,,
shíshálh Nation Government District Advisory Council,Advisory Council Member,Carin Amber,,Carin Amber,153,,,,
shíshálh Nation Government District Advisory Council,Advisory Council Member,Wes Irwin,,Wes Irwin,153,,,,
shíshálh Nation Government District Advisory Council,Advisory Council Member,Miko Steele,,Miko Steele,153,,,,
shíshálh Nation Government District Advisory Council,Advisory Council Member,Douglas Stewart,,Douglas Stewart,153,,,,
Sicamous,Councillor,Ian Baillie,,Ian Baillie,153,,,,
Sicamous,Councillor,John Braun,,John Braun,153,,,,
Sicamous,Councillor,Ross Breitkreuz,,Carrie Breitkreuz,153,,,,
Sicamous,Councillor,Mike Day,,Mike Day,153,,,,
Sicamous,Councillor,Sheila Devost,,Sheila Devost,153,,,,
Sicamous,Councillor,Bob Evans,,Bob Evans,153,,,,
Sicamous,Councillor,Leanne Hamilton,,David Hamilton,153,,,,
Sicamous,Councillor,Malcolm Makayev,,Malcolm Makayev,153,,,,
Sicamous,Councillor,Ken Malin,,Ken Malin,153,,,,
Sicamous,Councillor,Gregory Ogston,,Gregory Ogston,153,,,,
Sicamous,Councillor,Siobhan Rich,,Siobhan Rich,153,,,,
Sicamous,Councillor,Kyre Dawn Smith,,Kyre Dawn Smith,153,,,,
Sicamous,Councillor,Greig Stephenson,,Greig Stephenson,154,,,,
Sicamous,Mayor,Colleen Anderson,,Alice Letang,154,,,,
Sicamous,Mayor,Gord Bushell,,Gord Bushell,154,,,,
Sidney,Councillor,Eric Diller,,Kelly Gallins,154,,,,
Sidney,Councillor,Stephen Duck,,Stephen Duck,154,,,,
Sidney,Councillor,Erin Fedotov,,Erin Fedotov,154,,,,
Sidney,Councillor,Scott Garnett,,Scott Garnett,154,,,,
Sidney,Councillor,Harninder (Hari) Jacquot,,Harninder (Hari) Jacquot,154,,,,
Sidney,Councillor,Rory Lambert,,Rory Lambert,154,,,,
Sidney,Councillor,Richard Novek,,Richard Novek,154,,,,
Sidney,Councillor,Terri O'Keeffe,,Terri O'Keeffe,154,,,,
Sidney,Councillor,Steve Price,,Steve Price,154,,,,
Sidney,Councillor,Jamie Wellbourn,,Jamie Wellbourn,154,,,,
Sidney,Mayor,Peter Wainwright,,Peter Wainwright,154,,,,
Silverton,Councillor,Troy Bennett-McCrea,,Troy Bennett-McCrea,154,,,,
Silverton,Councillor,Arlen Duquette,,Arlen Duquette,154,,,,
Silverton,Councillor,Dustin Hill,,Dustin Hill,154,,,,
Silverton,Mayor,Tanya Gordon,,Tanya Gordon,154,,,,
Slocan,Councillor,Beth Campbell,,Beth Campbell,155,,,,
Slocan,Councillor,Alex Cendese,,Alex Cendese,155,,,,
Slocan,Councillor,Dave Fredrickson,,Dave Fredrickson,155,,,,
Slocan,Councillor,Delaine Hird,,Delaine Hird,155,,,,
Slocan,Councillor,Darcy Lindsay,,Darcy Lindsay,155,,,,
Slocan,Councillor,Brendan Murray-Nellis,,Brendan Murray-Nellis,155,,,,
Slocan,Councillor,Therin Rhaintre,,Therin Rhaintre,155,,,,
Slocan,Councillor,Katie Strong,,Katie Strong,155,,,,
Slocan,Mayor,Jamie Ingram,,Christine Ingram,155,,,,
Slocan,Mayor,Eunice Ludlow,,Laura McGhie,155,,,,
Slocan,Mayor,Joel Pelletier,,Joel Pelletier,155,,,,
Smithers,Councillor,Thomas Camus,,Thomas Camus,155,,,,
Smithers,Councillor,Calvin Elliott,,Calvin Elliott,155,,,,
Smithers,Councillor,Murray Hawse,,Murray Hawse,155,,,,
Smithers,Councillor,Laura Leonard,,Laura Leonard,155,,,,
Smithers,Councillor,Scott Marko,,Scott Marko,155,,,,
Smithers,Councillor,Genevieve Paterson,,Genevieve Paterson,155,,,,
Smithers,Councillor,Sam Raven,,Sam Raven,155,,,,
Smithers,Councillor,Frank Wray,,Frank Wray,156,,,,
Smithers,Mayor,John Buikema,,John Buikema,156,,,,
Smithers,Mayor,Robert Judzentis,,Robert Judzentis,156,,,,
Sooke,Councillor,Susan Belford,Sooke Together,Lily Mah-Sen,156,,,,
Sooke,Councillor,Noah Dowhy,,Terry Langridge,156,,,,
Sooke,Councillor,Janet Evans,Sooke First,Janet Evans,156,,,,
Sooke,Councillor,Landon Grams,,Landon Grams,156,,,,
Sooke,Councillor,Herb Haldane,Sooke First,Herb Haldane,156,,,,
Sooke,Councillor,Kyra Lazzar,,Debra Lazzar,156,,,,
Sooke,Councillor,Elliott Lifton,Sooke First,Elliott Lifton,156,,,,
Sooke,Councillor,Brian McHattie,Sooke Together,Lily Mah-Sen,156,,,,
Sooke,Councillor,Nick Dickinson-Wilde,,Nick Dickinson-Wilde,156,,,,
Sooke,Councillor,Rob Pearce,Sooke First,Rob Pearce,156,,,,
Sooke,Councillor,Curtis Peterec,Sooke First,Curtis Peterec,156,,,,
Sooke,Councillor,Helen Ritts,Sooke Together,Lily Mah-Sen,156,,,,
Sooke,Councillor,Steven Sorensen,Sooke Together,Lily Mah-Sen,156,,,,
Sooke,Councillor,Tony St-Pierre,,Christiana St-Pierre,156,,,,
Sooke,Councillor,Katherine Strongwind,,John-Paul Ellson,157,,,,
Sooke,Councillor,Christine Thomas,Sooke First,Christine Thomas,157,,,,
Sooke,Mayor,Al Beddows,,Al Beddows,157,,,,
Sooke,Mayor,Kevin Pearson,Sooke First,Kevin Pearson,157,,,,
Sooke School District,Board of Education Trustee,Cendra Beaton,,Cendra Beaton,157,,,,
Sooke School District,Board of Education Trustee,Ed Berlando,,Kayla Berlando,157,,,,
Sooke School District,Board of Education Trustee,Russ Chipps,,Russ Chipps,157,,,,
Sooke School District,Board of Education Trustee,Tom Davis,,Jamie Manchester,157,,,,
Sooke School District,Board of Education Trustee,Amanda Dowhy,,Terry Langridge,157,,,,
Sooke School District,Board of Education Trustee,Mike Manhas,,Mike Manhas,157,,,,
Sooke School District,Board of Education Trustee,Mattie McMillan,,Mattie McMillan,157,,,,
Sooke School District,Board of Education Trustee,Trudy Spiller,,William Spiller,157,,,,
Sooke School District,Board of Education Trustee,Laurie Szadkowski,,Carolyn Szadkowski,157,,,,
Southeast Kootenay School District,Board of Education Trustee,Hungry Baytaluke,,Hungry Baytaluke,157,,,,
Southeast Kootenay School District,Board of Education Trustee,Bev Bellina,,Bev Bellina,157,,,,
Southeast Kootenay School District,Board of Education Trustee,Pamela Berry,,Pamela Berry,157,,,,
Southeast Kootenay School District,Board of Education Trustee,Irene Bischler,,Irene Bischler,157,,,,
Southeast Kootenay School District,Board of Education Trustee,Cheryl Christensen,,Cheryl Christensen,157,,,,
Southeast Kootenay School District,Board of Education Trustee,Alysha Clarke,,Alysha Clarke,158,,,,
Southeast Kootenay School District,Board of Education Trustee,Sophie Fontaine,,Sophie Fontaine,158,,,,
Southeast Kootenay School District,Board of Education Trustee,Clay Hammett,,Clay Hammett,158,,,,
Southeast Kootenay School District,Board of Education Trustee,Nicole Heckendorf,,Nicole Heckendorf,158,,,,
Southeast Kootenay School District,Board of Education Trustee,Allie Kostiuk,,Allie Kostiuk,158,,,,
Southeast Kootenay School District,Board of Education Trustee,Doug McPhee,,Debbie McPhee,158,,,,
Southeast Kootenay School District,Board of Education Trustee,Randy Reay,,Randy Reay,158,,,,
Southeast Kootenay School District,Board of Education Trustee,Tasy Strouzas,,Tasy Strouzas,158,,,,
Southeast Kootenay School District,Board of Education Trustee,Joe Warshawsky,,Joe Warshawsky,158,,,,
Spallumcheen,Councillor,John Bakker,,John Bakker,158,,,,
Spallumcheen,Councillor,Andrew Casson,,Andrew Casson,158,,,,
Spallumcheen,Councillor,Will Hansma,,Will Hansma,158,,,,
Spallumcheen,Councillor,Steve Lang,,Steve Lang,158,,,,
Spallumcheen,Councillor,Christine LeMaire,,Christine LeMaire,158,,,,
Spallumcheen,Councillor,Gerry Popoff,,Gerry Popoff,158,,,,
Spallumcheen,Councillor,Beverly Torrens,,Beverly Torrens,158,,,,
Spallumcheen,Councillor,Mark Van Deursen,,Mark Van Deursen,158,,,,
Spallumcheen,Councillor,Joe Van Tienhoven,,Joe Van Tienhoven,158,,,,
Spallumcheen,Councillor,Todd York,,Todd York,159,,,,
Spallumcheen,Mayor,Christine Fraser,,Christine Fraser,159,,,,
Spallumcheen,Mayor,Guenter Rieger,,Guenter Rieger,159,,,,
Sparwood,Councillor,Hungry Baytaluke,,Hungry Baytaluke,159,,,,
Sparwood,Councillor,Sherry Benko,,Sherry Benko,159,,,,
Sparwood,Councillor,Jeremy Catsirelis,,Jeremy Catsirelis,159,,,,
Sparwood,Councillor,Joshua Frere,,Joshua Frere,159,,,,
Sparwood,Councillor,Steve Kallies,,Steve Kallies,159,,,,
Sparwood,Councillor,Christopher Nand,,Christopher Nand,159,,,,
Sparwood,Councillor,Cayle Pasiechnyk,,Cayle Pasiechnyk,159,,,,
Sparwood,Councillor,Dorene Sheets,,Dorene Sheets,159,,,,
Sparwood,Mayor,Amy Cardozo,,Amy Cardozo,159,,,,
Sparwood,Mayor,Hadden Kelloway,,Hadden Kelloway,159,,,,
Squamish,Councillor,Eric Andersen,,Eric Andersen,159,,,,
Squamish,Councillor,Kieran Brownie,,Kieran Brownie,159,,,,
Squamish,Councillor,Janice Desjardins,,Donna Wall,159,,,,
Squamish,Councillor,Sarah Ellis,,Sarah Ellis,159,,,,
Squamish,Councillor,John French,,Maria Mader,159,,,,
Squamish,Councillor,Sean Goodwin,,Sean Goodwin,159,,,,
Squamish,Councillor,Andrew Hamilton,,Andrew Hamilton,160,,,,
Squamish,Councillor,John Lowe,,John Lowe,160,,,,
Squamish,Councillor,Henri Nzedom,,Henri Nzedom,160,,,,
Squamish,Councillor,Anders Ourom,,Anders Ourom,160,,,,
Squamish,Councillor,Luc Perreault,,Luc Perreault,160,,,,
Squamish,Councillor,Chris Pettingill,,Chris Pettingill,160,,,,
Squamish,Councillor,Laura Prosko,,Laura Prosko,160,,,,
Squamish,Councillor,Chris Ryan,,Chris Ryan,160,,,,
Squamish,Councillor,Shaun Veltkamp,,Shaun Veltkamp,160,,,,
Squamish,Mayor,Daniel Deal,,Daniel Deal,160,,,,
Squamish,Mayor,Sean Easton,,Alexandra Mathison,160,,,,
Squamish,Mayor,Jenna Stoner,,Jenna Stoner,160,,,,
Squamish-Lillooet Regional District,Electoral Area Director,Cameron Bell,,Marsha Bell,160,,,,
Squamish-Lillooet Regional District,Electoral Area Director,Vivian Birch-Jones,,Vivian Birch-Jones,160,,,,
Squamish-Lillooet Regional District,Electoral Area Director,John Courchesne,,John Courchesne,160,,,,
Squamish-Lillooet Regional District,Electoral Area Director,Paula De Jong,,Paula De Jong,160,,,,
Squamish-Lillooet Regional District,Electoral Area Director,Simon Getaz,,Simon Getaz,160,,,,
Squamish-Lillooet Regional District,Electoral Area Director,Russell Mack,,Russell Mack,160,,,,
Squamish-Lillooet Regional District,Electoral Area Director,Veronica Woodruff,,Veronica Woodruff,161,,,,
Stewart,Councillor,Eric Drew,,Eric Drew,161,,,,
Stewart,Councillor,Karl Garrett,,Karl Garrett,161,,,,
Stewart,Councillor,Keenan Kennedy,,Keenan Kennedy,161,,,,
Stewart,Councillor,Adriaan Markus,,Adriaan Markus,161,,,,
Stewart,Councillor,Dwight Nicholson,,Dwight Nicholson,161,,,,
Stewart,Councillor,Nina Russell,,Nina Russell,161,,,,
Stewart,Mayor,Roman Alexander,,Roman Alexander,161,,,,
Stewart,Mayor,Angela Brand Danuser,,Angela Brand Danuser,161,,,,
Stikine School District,Board of Education Trustee,Dayle Creyke,,Dayle Creyke,161,,,,
Stikine School District,Board of Education Trustee,Jolene Hawkins,,Jolene Hawkins,161,,,,
Stikine School District,Board of Education Trustee,Freddy Loots,,Freddy Loots,161,,,,
Stikine School District,Board of Education Trustee,Michael Strange,,Michael Strange,161,,,,
Stikine School District,Board of Education Trustee,Melva Tashoots,,Melva Tashoots,161,,,,
Strathcona Regional District,Electoral Area Director,Jade Jordan,,Jade Jordan,161,,,,
Strathcona Regional District,Electoral Area Director,Sandy Keith,,Sandy Keith,161,,,,
Strathcona Regional District,Electoral Area Director,Bernadette LeFleur,,Paul LaFleur,161,,,,
Strathcona Regional District,Electoral Area Director,Robyn Mawhinney,,Ian MacPhee,161,,,,
Strathcona Regional District,Electoral Area Director,John Rice,,Jacqueline Rice,162,,,,
Strathcona Regional District,Electoral Area Director,Mark Vonesch,,Mark Vonesch,162,,,,
Strathcona Regional District,Electoral Area Director,Gerald Whalley,,Gerald Whalley,162,,,,
Summerland,Councillor,Richard Barkwill,,Richard Barkwill,162,,,,
Summerland,Councillor,Brad Besler,,Brad Besler,162,,,,
Summerland,Councillor,Adrienne Betts,,Adrienne Betts,162,,,,
Summerland,Councillor,Taryn Davis,,Taryn Davis,162,,,,
Summerland,Councillor,Amie Harbor,,Amie Harbor,162,,,,
Summerland,Councillor,Dee McWatters,,Dee McWatters,162,,,,
Summerland,Councillor,Doug Patan,,Doug Patan,162,,,,
Summerland,Councillor,Janet Peake,,Janet Peake,162,,,,
Summerland,Councillor,Erin Trainer,,Erin Trainer,162,,,,
Summerland,Mayor,Lake Dennison,,Lake Dennison,162,,,,
Summerland,Mayor,Doug Holmes,,Denise Gauthier,162,,,,
Summerland,Mayor,Mark Labossiere,,Mark Labossiere,162,,,,
Sun Peaks,Councillor,Dave Burnham,,Dave Burnham,162,,,,
Sun Peaks,Councillor,Kelly Dye,,Kelly Dye,162,,,,
Sun Peaks,Councillor,Brian Gillespie,,Amy Atkinson,162,,,,
Sun Peaks,Councillor,Robert O'Toole,,Robert O'Toole,163,,,,
Sun Peaks,Councillor,Liz Wilkinson,,Liz Wilkinson,163,,,,
Sun Peaks,Mayor,Jason White,,Julie Ruscheinsky,163,,,,
Sunshine Coast Regional District,Electoral Area Director,Christine Alexander,,David Blaiklock,163,,,,
Sunshine Coast Regional District,Electoral Area Director,Kelly Backs,,Kelly Backs,163,,,,
Sunshine Coast Regional District,Electoral Area Director,Justine Gabias,,Justine Gabias,163,,,,
Sunshine Coast Regional District,Electoral Area Director,Donna McMahon,,Donna McMahon,163,,,,
Sunshine Coast Regional District,Electoral Area Director,Dean Miller,,Dean Miller,163,,,,
Sunshine Coast Regional District,Electoral Area Director,Kate-Louise Stamford,,Kate-Louise Stamford,163,,,,
Sunshine Coast Regional District,Electoral Area Director,Scott Tilley,,Scott Tilley,163,,,,
Sunshine Coast School District,Board of Education Trustee,Amanda Amaral,,Amanda Amaral,163,,,,
Sunshine Coast School District,Board of Education Trustee,Mark Bailey,,Mark Bailey,163,,,,
Sunshine Coast School District,Board of Education Trustee,Lawrence Chen,,Lawrence Chen,163,,,,
Sunshine Coast School District,Board of Education Trustee,Sue Girard,,Sue Girard,163,,,,
Sunshine Coast School District,Board of Education Trustee,Robin Hansen,,Robin Hansen,163,,,,
Sunshine Coast School District,Board of Education Trustee,Tamara Hedden,,Tamara Hedden,163,,,,
Sunshine Coast School District,Board of Education Trustee,Tina Joe,,Tina Joe,163,,,,
Sunshine Coast School District,Board of Education Trustee,Erin Kellie,,Erin Kellie,163,,,,
Sunshine Coast School District,Board of Education Trustee,Donna Lynden,,Chelsea Philip,164,,,,
Sunshine Coast School District,Board of Education Trustee,Tracey McClelland,,Tracey McClelland,164,,,,
Sunshine Coast School District,Board of Education Trustee,Jay O'Keeffe,,Jay O'Keeffe,164,,,,
Sunshine Coast School District,Board of Education Trustee,Brenda Rowe,,Brenda Rowe,164,,,,
Sunshine Coast School District,Board of Education Trustee,Pammila Ruth,,Pammila Ruth,164,,,,
Sunshine Coast School District,Board of Education Trustee,Ed Shapero,,Trinity Freedman,164,,,,
Surrey,Councillor,Intikhab Ahmed,,Intikhab Ahmed,164,,,,
Surrey,Councillor,Yousef Aldabainah-Barakat,Imagine Surrey,Sowmya Polepeddi,164,,,,
Surrey,Councillor,Lisa Alexis,,Lisa Alexis,164,,,,
Surrey,Councillor,Debra Antifaev,Surrey First,Bob Bezubiak,164,,,,
Surrey,Councillor,Harry Bains,Surrey Connect Public IA,Sarj Dhaliwal,164,,,,
Surrey,Councillor,Ricky Bajwa,Conservative,David Denhoff,164,,,,
Surrey,Councillor,Gail Beszedes,SURREY NOW,Jesse Johl,164,,,,
Surrey,Councillor,Mike Bose,Surrey First,Bob Bezubiak,164,,,,
Surrey,Councillor,Janet Brown,Surrey First,Bob Bezubiak,164,,,,
Surrey,Councillor,Philip Carless,,Philip Carless,164,,,,
Surrey,Councillor,Dan B. Carlos,Conservative,David Denhoff,164,,,,
Surrey,Councillor,Chandan Chahal,Imagine Surrey,Sowmya Polepeddi,164,,,,
Surrey,Councillor,Leanna Chatwin,New Surrey+,Igal Ammons II,165,,,,
Surrey,Councillor,Bilal Cheema,Surrey First,Bob Bezubiak,165,,,,
Surrey,Councillor,Perminder Chohan,Imagine Surrey,Sowmya Polepeddi,165,,,,
Surrey,Councillor,Cheney Cloke,Safe Surrey Coalition,Manjeet Sandhu,165,,,,
Surrey,Councillor,Isaac Daniel,,Isaac Daniel,165,,,,
Surrey,Councillor,Ian de Hoog,New Surrey+,Igal Ammons II,165,,,,
Surrey,Councillor,Narima Dela Cruz,Imagine Surrey,Sowmya Polepeddi,165,,,,
Surrey,Councillor,Ollivor Dickson,SURREY NOW,Jesse Johl,165,,,,
Surrey,Councillor,Messia Ditshimba,New Surrey+,Igal Ammons II,165,,,,
Surrey,Councillor,Michael Dunn,Surrey Connect Public IA,Sarj Dhaliwal,165,,,,
Surrey,Councillor,Doug Elford,Safe Surrey Coalition,Manjeet Sandhu,165,,,,
Surrey,Councillor,Meera Gill,Safe Surrey Coalition,Manjeet Sandhu,165,,,,
Surrey,Councillor,Rahul Gill,SURREY NOW,Jesse Johl,165,,,,
Surrey,Councillor,Suhana Gill,Safe Surrey Coalition,Manjeet Sandhu,165,,,,
Surrey,Councillor,Jasroop Gosal,Surrey First,Bob Bezubiak,165,,,,
Surrey,Councillor,Laurie Guerra,Safe Surrey Coalition,Manjeet Sandhu,165,,,,
Surrey,Councillor,Ashiyana Hanif,Imagine Surrey,Sowmya Polepeddi,165,,,,
Surrey,Councillor,Gord Hepner,Surrey Connect Public IA,Sarj Dhaliwal,165,,,,
Surrey,Councillor,Christopher Hoffman,New Surrey+,Igal Ammons II,166,,,,
Surrey,Councillor,Mehnaz Javed,Conservative,David Denhoff,166,,,,
Surrey,Councillor,Jesse Johl,SURREY NOW,Jesse Johl,166,,,,
Surrey,Councillor,Emily Kennedy,New Surrey+,Igal Ammons II,166,,,,
Surrey,Councillor,Youssef Khattab,,Asad Syed,166,,,,
Surrey,Councillor,Brad Kielmann,SURREY NOW,Jesse Johl,166,,,,
Surrey,Councillor,Pardeep Kooner,Surrey Connect Public IA,Sarj Dhaliwal,166,,,,
Surrey,Councillor,Vera LeFranc,Surrey Connect Public IA,Sarj Dhaliwal,166,,,,
Surrey,Councillor,William Li,Imagine Surrey,Sowmya Polepeddi,166,,,,
Surrey,Councillor,Lily Tsi,New Surrey+,Igal Ammons II,166,,,,
Surrey,Councillor,Margaret Mubanda,Imagine Surrey,Sowmya Polepeddi,166,,,,
Surrey,Councillor,Mandeep Singh Nagra,Safe Surrey Coalition,Manjeet Sandhu,166,,,,
Surrey,Councillor,Gagan Nahal,Surrey First,Bob Bezubiak,166,,,,
Surrey,Councillor,Allison Patton,Safe Surrey Coalition,Manjeet Sandhu,166,,,,
Surrey,Councillor,Enrique Ponce de Leon,SURREY NOW,Jesse Johl,166,,,,
Surrey,Councillor,Cordel Pullar,Conservative,David Denhoff,166,,,,
Surrey,Councillor,Jimmy Rico,,Jimmy Rico,166,,,,
Surrey,Councillor,Tom Said,,Tom Said,166,,,,
Surrey,Councillor,Manu Sharma,Conservative,David Denhoff,167,,,,
Surrey,Councillor,Harkirat Sidhu,Conservative,David Denhoff,167,,,,
Surrey,Councillor,Beau Simpson,Safe Surrey Coalition,Manjeet Sandhu,167,,,,
Surrey,Councillor,Matthew J. Smed,New Surrey+,Igal Ammons II,167,,,,
Surrey,Councillor,Werner Spangehl,SURREY NOW,Jesse Johl,167,,,,
Surrey,Councillor,Clint Stewart,Surrey First,Bob Bezubiak,167,,,,
Surrey,Councillor,Rob Stutt,Surrey Connect Public IA,Sarj Dhaliwal,167,,,,
Surrey,Councillor,Rona Tepper,Surrey Connect Public IA,Sarj Dhaliwal,167,,,,
Surrey,Councillor,Miguel Ting,,Miguel Ting,167,,,,
Surrey,Councillor,Vik Uppal,,Amarpreet Singh Mangat,167,,,,
Surrey,Councillor,Calvin Vanderploeg,Conservative,David Denhoff,167,,,,
Surrey,Councillor,Shina Vermani,Surrey First,Bob Bezubiak,167,,,,
Surrey,Councillor,Noemi Victorino,Surrey Connect Public IA,Sarj Dhaliwal,167,,,,
Surrey,Councillor,Kevin Wilkie,Imagine Surrey,Sowmya Polepeddi,167,,,,
Surrey,Councillor,Mila Wong-Kabush,,Mila Wong-Kabush,167,,,,
Surrey,Councillor,Donna Wu,Conservative,David Denhoff,167,,,,
Surrey,Councillor,James Yu,,Jesse Johl,167,,,,
Surrey,Councillor,Salman Zafar,,Salman Zafar,167,,,,
Surrey,Councillor,Grace Zeigler,New Surrey+,Igal Ammons II,168,,,,
Surrey,Mayor,Igal Ammons II,New Surrey+,Igal Ammons II,168,,,,
Surrey,Mayor,Linda Annis,Surrey First,Bob Bezubiak,168,,,,
Surrey,Mayor,Brenda Locke,Surrey Connect Public IA,Sarj Dhaliwal,168,,,,
Surrey,Mayor,Doug McCallum,Safe Surrey Coalition,Manjeet Sandhu,168,,,,
Surrey,Mayor,Honveer Singh Randhawa,Conservative,David Denhoff,168,,,,
Surrey,Mayor,Mike Starchuk,Imagine Surrey,Sowmya Polepeddi,168,,,,
Surrey,Mayor,Troy Van Vliet,SURREY NOW,Jesse Johl,168,,,,
Surrey School District,Board of Education Trustee,Terry Allen,Surrey First Education,Gord Schoberg,168,,,,
Surrey School District,Board of Education Trustee,John Banovich,SURREY NOW,Jesse Johl,168,,,,
Surrey School District,Board of Education Trustee,Harjit Bhullar,,Harjit Bhullar,168,,,,
Surrey School District,Board of Education Trustee,Amrit Birring,,Amrit Birring,168,,,,
Surrey School District,Board of Education Trustee,Michelle Ceniza,SURREY NOW,Jesse Johl,168,,,,
Surrey School District,Board of Education Trustee,Gurleen K Chahal,,Sybille Schaufler,168,,,,
Surrey School District,Board of Education Trustee,Noor Cheema,,Noor Cheema,168,,,,
Surrey School District,Board of Education Trustee,Rohit D'Silva,SURREY NOW,Jesse Johl,168,,,,
Surrey School District,Board of Education Trustee,Tatiana Dã Silva,,Igal Ammons II,168,,,,
Surrey School District,Board of Education Trustee,Vanessa Gilera,SURREY NOW,Jesse Johl,168,,,,
Surrey School District,Board of Education Trustee,Gary Hee,,Gary Hee,169,,,,
Surrey School District,Board of Education Trustee,Bob Holmes,Surrey First Education,Gord Schoberg,169,,,,
Surrey School District,Board of Education Trustee,Kyle Jones,Our Surrey,Jose Alberto,169,,,,
Surrey School District,Board of Education Trustee,Susha Cassidy Jones,,Igal Ammons II,169,,,,
Surrey School District,Board of Education Trustee,Vick Karan,Our Surrey,Vick Karan,169,,,,
Surrey School District,Board of Education Trustee,Meena Kochher,,Meena Kochher,169,,,,
Surrey School District,Board of Education Trustee,Laurie Larsen,Surrey First Education,Gord Schoberg,169,,,,
Surrey School District,Board of Education Trustee,Laura Lattanzio,,Gianni Lattanzio,169,,,,
Surrey School District,Board of Education Trustee,Dean McGee,Our Surrey,Jose Alberto,169,,,,
Surrey School District,Board of Education Trustee,Ghulam Mujtaba,,Ghulam Mujtaba,169,,,,
Surrey School District,Board of Education Trustee,Afzalur Rahman,,Afzalur Rahman,169,,,,
Surrey School District,Board of Education Trustee,Dee Reiter,,Dee Reiter,169,,,,
Surrey School District,Board of Education Trustee,Garry Thind,Surrey First Education,Gord Schoberg,169,,,,
Surrey School District,Board of Education Trustee,Vincent Tighe,SURREY NOW,Jesse Johl,169,,,,
Surrey School District,Board of Education Trustee,Gary Tymoschuk,Surrey First Education,Gord Schoberg,169,,,,
Surrey School District,Board of Education Trustee,Venson Wang,SURREY NOW,Jesse Johl,169,,,,
Surrey School District,Board of Education Trustee,Phillip Warner,,Phillip Warner,169,,,,
Surrey School District,Board of Education Trustee,Anne Whitmore,Our Surrey,Glen Murray,169,,,,
Surrey School District,Board of Education Trustee,Shawn Wilson,Surrey First Education,Gord Schoberg,170,,,,
Tahsis,Councillor,Samuel Adams,,Samuel Adams,170,,,,
Tahsis,Councillor,Jackson Halan Harris,,Jackson Halan Harris,170,,,,
Tahsis,Councillor,Ryan Moore,,Ryan Moore,170,,,,
Tahsis,Councillor,Cheryl Northcott,,Cheryl Northcott,170,,,,
Tahsis,Mayor,Martin Davis,,Martin Davis,170,,,,
Tahsis,Mayor,Sarah Fowler,,Sarah Fowler,170,,,,
Tahsis,Mayor,Jaime Halan-Harris,,Jaime Halan-Harris,170,,,,
Tahsis,Mayor,Allison Stiglitz,,Allison Stiglitz,170,,,,
Taylor,Councillor,Peggy Alexander,,Peggy Alexander,170,,,,
Taylor,Councillor,Earle Connor,,Lora Connor,170,,,,
Taylor,Councillor,Brad Filmer,,Brad Filmer,170,,,,
Taylor,Councillor,Murray Giesbrecht,,Murray Giesbrecht,170,,,,
Taylor,Councillor,Desirae Graziano,,Desirae Graziano,170,,,,
Taylor,Councillor,Joel L'Heureux,,Joel L'Heureux,170,,,,
Taylor,Councillor,Betty Ponto,,Betty Ponto,170,,,,
Taylor,Councillor,Michelle Turnbull,,Michelle Turnbull,170,,,,
Taylor,Mayor,Dillon Maier,,Dillon Maier,170,,,,
Taylor,Mayor,Brent Taillefer,,Brent Taillefer,171,,,,
Telkwa,Councillor,Lee Ewald,,Lee Ewald,171,,,,
Telkwa,Councillor,Michelle Finch,,Michelle Finch,171,,,,
Telkwa,Councillor,Cathy Frenette,,Cathy Frenette,171,,,,
Telkwa,Councillor,Karen Hilchey,,Karen Hilchey,171,,,,
Telkwa,Councillor,Annette Morgan,,Annette Morgan,171,,,,
Telkwa,Councillor,Simon Schat,,Simon Schat,171,,,,
Telkwa,Councillor,Grace Utz,,Grace Utz,171,,,,
Terrace,Councillor,Chris Apps,,Chris Apps,171,,,,
Terrace,Councillor,James Cordeiro,,James Cordeiro,171,,,,
Terrace,Councillor,Joshua Elgert,,Joshua Elgert,171,,,,
Terrace,Councillor,Joe Lavoie,,Joe Lavoie,171,,,,
Terrace,Councillor,Yvonne Nielsen,,Yvonne Nielsen,171,,,,
Terrace,Councillor,Billy Olak,,Billy Olak,171,,,,
Terrace,Councillor,Jesse Olinyk,,Jesse Olinyk,171,,,,
Terrace,Councillor,Miller Restan Perez,,Miller Restan Perez,171,,,,
Terrace,Councillor,Keenan Stella,,Keenan Stella,171,,,,
Terrace,Councillor,Nikki Villeneuve,,Nikki Villeneuve,171,,,,
Terrace,Councillor,Deb Willemen,,Deb Willemen,172,,,,
Terrace,Councillor,Lynn Wright,,Lynn Wright,172,,,,
Terrace,Councillor,Sarah Zimmerman,,Sarah Zimmerman,172,,,,
Terrace,Mayor,Sean Bujtas,,Gerry Mattson,172,,,,
Terrace,Mayor,Terrance Fulljames,,Terrance Fulljames,172,,,,
Terrace,Mayor,Diana Penner,,Diana Penner,172,,,,
Thompson-Nicola Regional District,Electoral Area Director,Linda A. Brown,,Linda A. Brown,172,,,,
Thompson-Nicola Regional District,Electoral Area Director,Cory George,,Lisa Clements,172,,,,
Thompson-Nicola Regional District,Electoral Area Director,Michael Grenier,,Michael Grenier,172,,,,
Thompson-Nicola Regional District,Electoral Area Director,Jim Harvey,,Jim Harvey,172,,,,
Thompson-Nicola Regional District,Electoral Area Director,Doug Haughton,,James Carroll,172,,,,
Thompson-Nicola Regional District,Electoral Area Director,Jill Hayward,,Jill Hayward,172,,,,
Thompson-Nicola Regional District,Electoral Area Director,Lee Morris,,Lee Morris,172,,,,
Thompson-Nicola Regional District,Electoral Area Director,Lee Onslow,,Lee Onslow,172,,,,
Thompson-Nicola Regional District,Electoral Area Director,Steve Rice,,Steve Rice,172,,,,
Thompson-Nicola Regional District,Electoral Area Director,Jim Smith,,Dunham Craig,172,,,,
Thompson-Nicola Regional District,Electoral Area Director,Tricia Thorpe,,Tricia Thorpe,172,,,,
Thompson-Nicola Regional District,Electoral Area Director,Usoff Tsao,,Usoff Tsao,173,,,,
Thompson-Nicola Regional District,Electoral Area Director,Sally Watson,,Sally Watson,173,,,,
Tofino,Councillor,Al Anderson,,Al Anderson,173,,,,
Tofino,Councillor,Susie Doré,,Susie Doré,173,,,,
Tofino,Councillor,Ali Sawyer,,Ali Sawyer,173,,,,
Tofino,Councillor,Sarah Sloman,,Sarah Sloman,173,,,,
Tofino,Councillor,Kat Thomas,,Kat Thomas,173,,,,
Tofino,Councillor,Rhys Walker-Shaw,,Rhys Walker-Shaw,173,,,,
Tofino,Mayor,Eric Galarneau,,Eric Galarneau,173,,,,
Tofino,Mayor,Tom Stere,,Tom Stere,173,,,,
Trail,Councillor,Bev Benson,,Chris De Luca,173,,,,
Trail,Councillor,Mark Buckley,,Mark Buckley,173,,,,
Trail,Councillor,Sarah Bullock,,Sarah Bullock,173,,,,
Trail,Councillor,Paul Butler,,Bridget Kivell,173,,,,
Trail,Councillor,Diana Dickieson,,Diana Dickieson,173,,,,
Trail,Councillor,Thea Hanson,,Trevor Stach,173,,,,
Trail,Councillor,Paul Harvey,,Paul Harvey,173,,,,
Trail,Councillor,Sheldon Hicks,,Sheldon Hicks,173,,,,
Trail,Councillor,Glenn Hodge,,Glenn Hodge,174,,,,
Trail,Councillor,Gary Stuart,,Gary Stuart,174,,,,
Trail,Mayor,Nick Cashol,,Nick Cashol,174,,,,
Trail,Mayor,Colleen Jones,,Colleen Jones,174,,,,
Trail,Mayor,Karl Kuepper,,Karl Kuepper,174,,,,
Trail,Mayor,Terry Martin,,Terry Martin,174,,,,
Tumbler Ridge,Councillor,Rick Consalvi,,Rick Consalvi,174,,,,
Tumbler Ridge,Councillor,Sydney Doonan,,Sydney Doonan,174,,,,
Tumbler Ridge,Councillor,Ron Hofman,,Ron Hofman,174,,,,
Tumbler Ridge,Councillor,Paul Landrecht,,Paul Landrecht,174,,,,
Tumbler Ridge,Councillor,Don McPherson,,Don McPherson,174,,,,
Tumbler Ridge,Councillor,Nicole Noksana,,Nicole Noksana,174,,,,
Tumbler Ridge,Councillor,Chris Norbury,,Chris Norbury,174,,,,
Tumbler Ridge,Councillor,Shelley Quist,,Shelley Quist,174,,,,
Tumbler Ridge,Mayor,Darryl Krakowka,,Darryl Krakowka,174,,,,
Ucluelet,Councillor,Jeff Anderson,,Jeff Anderson,174,,,,
Ucluelet,Councillor,Bruce Faith,,Bruce Faith,174,,,,
Ucluelet,Councillor,Jennifer Hoar,,Jennifer Hoar,174,,,,
Ucluelet,Councillor,Nick Johnson,,Nick Johnson,175,,,,
Ucluelet,Councillor,Mark Maftei,,Mark Maftei,175,,,,
Ucluelet,Councillor,Sally Mole,,Sally Mole,175,,,,
Ucluelet,Councillor,Mayco Noël,,Mayco Noël,175,,,,
Ucluelet,Councillor,Peter Spindler,,Peter Spindler,175,,,,
Ucluelet,Mayor,Shawn Anderson,,Shawn Anderson,175,,,,
Ucluelet,Mayor,Todd Evalina,,Todd Evalina,175,,,,
Ucluelet,Mayor,Marilyn McEwen,,Marilyn McEwen,175,,,,
Valemount,Councillor,Rachel Fraser,,Rachel Fraser,175,,,,
Valemount,Councillor,Donna Hamilton,,Donna Hamilton,175,,,,
Valemount,Councillor,Shanon Manahan,,Shanon Manahan,175,,,,
Valemount,Councillor,Zac Ruttiman,,Zac Ruttiman,175,,,,
Valemount,Mayor,Owen Torgerson,,Owen Torgerson,175,,,,
Vancouver,Councillor,Armor Valor,Vancouver Liberals,Aleksandar Samardzija,175,,,,
Vancouver,Councillor,Amanda Boggan,TEAM,Douglas Johnstone,175,,,,
Vancouver,Councillor,Iona Bonamis,OneCity,Natalie Cushing,175,,,,
Vancouver,Councillor,John Boychuk,Vote Vancouver,Tammy DeEllion,175,,,,
Vancouver,Councillor,Frances Bula,OneCity,Natalie Cushing,176,,,,
Vancouver,Councillor,Bridget Burns,GREEN,Steve Kisby,176,,,,
Vancouver,Councillor,Naomi Chocyk,TrueBlue Vancouver,Frederick Thiele,176,,,,
Vancouver,Councillor,Ibrahima Cisse,Bright Future Vancouver (BFV),Mohammad Shahed Foroughi Jahromi,176,,,,
Vancouver,Councillor,Devin Clemens,Vancouver Liberals,Aleksandar Samardzija,176,,,,
Vancouver,Councillor,John Coupar,Vancouver Liberals,Aleksandar Samardzija,176,,,,
Vancouver,Councillor,Lisa Dominato,ABC Vancouver,Gord Schoberg,176,,,,
Vancouver,Councillor,Guy Dubé,,Guy Dubé,176,,,,
Vancouver,Councillor,Camil Dumont,GREEN,Steve Kisby,176,,,,
Vancouver,Councillor,Mohadeseh Gharib Arasi,Bright Future Vancouver (BFV),Mohammad Shahed Foroughi Jahromi,176,,,,
Vancouver,Councillor,Joyce Gillespie,ABC Vancouver,Gord Schoberg,176,,,,
Vancouver,Councillor,Josh Gordon,TEAM,Douglas Johnstone,176,,,,
Vancouver,Councillor,David Grewal,ABC Vancouver,Gord Schoberg,176,,,,
Vancouver,Councillor,Jarrett Hagglund,OneCity,Natalie Cushing,176,,,,
Vancouver,Councillor,Rebecca Hasdell,Vote Vancouver,Tammy DeEllion,176,,,,
Vancouver,Councillor,Steve Jedreicich,Vote Vancouver,Tammy DeEllion,176,,,,
Vancouver,Councillor,Victoria Jung,Vancouver Liberals,Aleksandar Samardzija,176,,,,
Vancouver,Councillor,Keerit Jutla,Vote Vancouver,Tammy DeEllion,177,,,,
Vancouver,Councillor,Judith Kasiama,Bright Future Vancouver (BFV),Mohammad Shahed Foroughi Jahromi,177,,,,
Vancouver,Councillor,Charles Kelly,TEAM,Douglas Johnstone,177,,,,
Vancouver,Councillor,Bilal Khan,Bright Future Vancouver (BFV),Mohammad Shahed Foroughi Jahromi,177,,,,
Vancouver,Councillor,Sarah Kirby-Yung,ABC Vancouver,Gord Schoberg,177,,,,
Vancouver,Councillor,Michael Klassen,ABC Vancouver,Gord Schoberg,177,,,,
Vancouver,Councillor,Kathleen Larsen,TEAM,Douglas Johnstone,177,,,,
Vancouver,Councillor,Chloe Leslie,COPE,Nate Stanley,177,,,,
Vancouver,Councillor,Andy Lin,Bright Future Vancouver (BFV),Mohammad Shahed Foroughi Jahromi,177,,,,
Vancouver,Councillor,Lorraine Lowe,ABC Vancouver,Gord Schoberg,177,,,,
Vancouver,Councillor,Lucy Maloney,OneCity,Natalie Cushing,177,,,,
Vancouver,Councillor,Yadwinder Mangat,Bright Future Vancouver (BFV),Mohammad Shahed Foroughi Jahromi,177,,,,
Vancouver,Councillor,Peter Meiszner,ABC Vancouver,Gord Schoberg,177,,,,
Vancouver,Councillor,Sean Orr,COPE,Nate Stanley,177,,,,
Vancouver,Councillor,Raj Mundra,TEAM,Douglas Johnstone,177,,,,
Vancouver,Councillor,Eric Redmond,Affordable Housing,Eric Redmond,177,,,,
Vancouver,Councillor,Annette Reilly,GREEN,Steve Kisby,177,,,,
Vancouver,Councillor,Rollergirl,,Rollergirl,178,,,,
Vancouver,Councillor,Patrick Sauriol,TEAM,Douglas Johnstone,178,,,,
Vancouver,Councillor,Devyani Singh,COPE,Nate Stanley,178,,,,
Vancouver,Councillor,Stephanie Smith,GREEN,Steve Kisby,178,,,,
Vancouver,Councillor,Bhavna Solecki,Vote Vancouver,Tammy DeEllion,178,,,,
Vancouver,Councillor,Noi Soudarack,,Sean Kim,178,,,,
Vancouver,Councillor,Moira Stilwell,Vancouver Liberals,Aleksandar Samardzija,178,,,,
Vancouver,Councillor,Caitlin Stockwell,OneCity,Natalie Cushing,178,,,,
Vancouver,Councillor,Geoff Teoli,Vote Vancouver,Tammy DeEllion,178,,,,
Vancouver,Councillor,Jessica Walton,Vancouver Liberals,Aleksandar Samardzija,178,,,,
Vancouver,Councillor,Jonathan Weisman,TEAM,Douglas Johnstone,178,,,,
Vancouver,Councillor,Williams Parris J.,,Williams Parris J.,178,,,,
Vancouver,Councillor,Michael Wu,Vancouver Liberals,Aleksandar Samardzija,178,,,,
Vancouver,Councillor,Solomon Yi-Kieran,COPE,Nate Stanley,178,,,,
Vancouver,Councillor,Arezo Zarrabian,ABC Vancouver,Gord Schoberg,178,,,,
Vancouver,Councillor,Job Zhao,,Job Zhao,178,,,,
Vancouver,Councillor,Lenny Zhou,ABC Vancouver,Gord Schoberg,178,,,,
Vancouver,Mayor,Muhammad Ahmad,Bright Future Vancouver (BFV),Mohammad Shahed Foroughi Jahromi,179,,,,
Vancouver,Mayor,Kareem Allam,Vancouver Liberals,Aleksandar Samardzija,179,,,,
Vancouver,Mayor,Rebecca Bligh,Vote Vancouver,Tammy DeEllion,179,,,,
Vancouver,Mayor,Amauri Caliman,,Amauri Caliman,179,,,,
Vancouver,Mayor,Pete Fry,GREEN,Pete Fry,179,,,,
Vancouver,Mayor,Scott Gilbert,,Scott Gilbert,179,,,,
Vancouver,Mayor,Colleen Hardwick,TEAM,Douglas Johnstone,179,,,,
Vancouver,Mayor,Ken Sim,ABC Vancouver,Gord Schoberg,179,,,,
Vancouver,Park Board Commissioner,Niknaz Alemi,Vancouver Independent Parks Party,Niknaz Alemi,179,,,,
Vancouver,Park Board Commissioner,Mayeli Alvarez,TEAM,Douglas Johnstone,179,,,,
Vancouver,Park Board Commissioner,Jay Bailey,ABC Vancouver,Gord Schoberg,179,,,,
Vancouver,Park Board Commissioner,Amanda Bains,Vancouver Liberals,Aleksandar Samardzija,179,,,,
Vancouver,Park Board Commissioner,Amir Bajehkian,Vancouver Liberals,Aleksandar Samardzija,179,,,,
Vancouver,Park Board Commissioner,Tricia Barker,Vancouver Liberals,Aleksandar Samardzija,179,,,,
Vancouver,Park Board Commissioner,Shayla Bird,Vancouver Liberals,Aleksandar Samardzija,179,,,,
Vancouver,Park Board Commissioner,Sacia Burton,COPE,Nate Stanley,179,,,,
Vancouver,Park Board Commissioner,Michael Robert Caditz,Vancouver Independent Parks Party,Michael Robert Caditz,179,,,,
Vancouver,Park Board Commissioner,Dominic Denofrio,OneCity,Natalie Cushing,180,,,,
Vancouver,Park Board Commissioner,Tom Digby,GREEN,Steve Kisby,180,,,,
Vancouver,Park Board Commissioner,Allan Fawley,TEAM,Douglas Johnstone,180,,,,
Vancouver,Park Board Commissioner,Wah Gee,TEAM,Douglas Johnstone,180,,,,
Vancouver,Park Board Commissioner,Cheryl Grant,ABC Vancouver,Gord Schoberg,180,,,,
Vancouver,Park Board Commissioner,Mark Halyk,Vancouver Liberals,Aleksandar Samardzija,180,,,,
Vancouver,Park Board Commissioner,Jamie Han,COPE,Nate Stanley,180,,,,
Vancouver,Park Board Commissioner,John Irwin,OneCity,Natalie Cushing,180,,,,
Vancouver,Park Board Commissioner,Scott Jensen,Vancouver Liberals,Aleksandar Samardzija,180,,,,
Vancouver,Park Board Commissioner,Jon Girard,TEAM,Douglas Johnstone,180,,,,
Vancouver,Park Board Commissioner,Christian Kyle,ABC Vancouver,Gord Schoberg,180,,,,
Vancouver,Park Board Commissioner,Brynja Marshall,Vancouver Independent Parks Party,Brynja Marshall,180,,,,
Vancouver,Park Board Commissioner,Stephen Menon,Vote Vancouver,Tammy DeEllion,180,,,,
Vancouver,Park Board Commissioner,Stephen Molnar,ABC Vancouver,Gord Schoberg,180,,,,
Vancouver,Park Board Commissioner,Tyler Petersen,OneCity,Natalie Cushing,180,,,,
Vancouver,Park Board Commissioner,Chris Qiu,ABC Vancouver,Gord Schoberg,180,,,,
Vancouver,Park Board Commissioner,Marie Rogers,ABC Vancouver,Gord Schoberg,181,,,,
Vancouver,Park Board Commissioner,Cam Rothery,Vancouver Independent Parks Party,Cam Rothery,181,,,,
Vancouver,Park Board Commissioner,Breanne Smart,GREEN,Steve Kisby,181,,,,
Vancouver,Park Board Commissioner,Tamiko Suzuki,COPE,Nate Stanley,181,,,,
Vancouver,Park Board Commissioner,Alex Tkach,TEAM,Douglas Johnston,181,,,,
Vancouver,Park Board Commissioner,Spencer Van Vloten,GREEN,Steve Kisby,181,,,,
Vancouver,Park Board Commissioner,Leonard Vanderstar,Vancouver Independent Parks Party,Leonard Vanderstar,181,,,,
Vancouver,Park Board Commissioner,Jas Virdi,ABC Vancouver,Gord Schoberg,181,,,,
Vancouver,Park Board Commissioner,Summit Wannamaker,Vote Vancouver,Tammy DeEllion,181,,,,
Vancouver,Park Board Commissioner,T’uy’t’tanat Cease Wyss,COPE,Nate Stanley,181,,,,
Vancouver Island North School District,Board of Education Trustee,Jeff Field,,Jeff Field,181,,,,
Vancouver Island North School District,Board of Education Trustee,Lawrie Garrett,,Lawrie Garrett,181,,,,
Vancouver Island North School District,Board of Education Trustee,Roland Le Fort,,Roland Le Fort,181,,,,
Vancouver Island North School District,Board of Education Trustee,Kim Lefebvre,,Kim Lefebvre,181,,,,
Vancouver Island North School District,Board of Education Trustee,Carol Prescott,,Carol Prescott,181,,,,
Vancouver Island North School District,Board of Education Trustee,Fred Robertson,,Fred Robertson,181,,,,
Vancouver Island North School District,Board of Education Trustee,Christine Swain,,Christine Swain,181,,,,
Vancouver Island North School District,Board of Education Trustee,Kat Tjepkema,,Kat Tjepkema,182,,,,
Vancouver Island North School District,Board of Education Trustee,Leightan Wishart,,Leightan Wishart,182,,,,
Vancouver Island West School District,Board of Education Trustee,Robin D'Lugos,,Robin D'Lugos,182,,,,
Vancouver Island West School District,Board of Education Trustee,Arlene Fehr,,Arlene Fehr,182,,,,
Vancouver Island West School District,Board of Education Trustee,Devon Hansen,,Devon Hansen,182,,,,
Vancouver Island West School District,Board of Education Trustee,Kimi Henderson,,Kimi Henderson,182,,,,
Vancouver Island West School District,Board of Education Trustee,Terra Mather,,Terra Mather,182,,,,
Vancouver Island West School District,Board of Education Trustee,Linda Perchaluk,,Linda Perchaluk,182,,,,
Vancouver Island West School District,Board of Education Trustee,Allison Stiglitz,,Allison Stiglitz,182,,,,
Vancouver School District,Board of Education Trustee,Darren Boidman,Vancouver Liberals,Aleksandar Samardzija,182,,,,
Vancouver School District,Board of Education Trustee,Sherry Breshears,OneCity,Natalie Cushing,182,,,,
Vancouver School District,Board of Education Trustee,Rory Brown,OneCity,Natalie Cushing,182,,,,
Vancouver School District,Board of Education Trustee,Joshua Cameron,Vancouver Liberals,Aleksandar Samardzija,182,,,,
Vancouver School District,Board of Education Trustee,Steve Cardwell,OneCity,Natalie Cushing,182,,,,
Vancouver School District,Board of Education Trustee,Melanie Cheng,COPE,Nate Stanley,182,,,,
Vancouver School District,Board of Education Trustee,Alfred Chien,ABC Vancouver,Gord Schoberg,182,,,,
Vancouver School District,Board of Education Trustee,Naomi Chocyk,TrueBlue Vancouver,Frederick Thiele,182,,,,
Vancouver School District,Board of Education Trustee,Blair Coleman,TrueBlue Vancouver,Frederick Thiele,183,,,,
Vancouver School District,Board of Education Trustee,Ishi Dinim,Vancouver Liberals,Aleksandar Samardzija,183,,,,
Vancouver School District,Board of Education Trustee,Tasha Doucas,Vote Vancouver,Tammy DeEllion,183,,,,
Vancouver School District,Board of Education Trustee,Preeti Faridkot,ABC Vancouver,Gord Schoberg,183,,,,
Vancouver School District,Board of Education Trustee,Gwen Giesbrecht,COPE,Nate Stanley,183,,,,
Vancouver School District,Board of Education Trustee,Amarys Joseph,Vote Vancouver,Tammy DeEllion,183,,,,
Vancouver School District,Board of Education Trustee,Maria Kritikos,ABC Vancouver,Gord Schoberg,183,,,,
Vancouver School District,Board of Education Trustee,Matt Kroeker,ABC Vancouver,Gord Schoberg,183,,,,
Vancouver School District,Board of Education Trustee,Christopher Lee,OneCity,Natalie Cushing,183,,,,
Vancouver School District,Board of Education Trustee,Suzie Mah,COPE,Nate Stanley,183,,,,
Vancouver School District,Board of Education Trustee,Alisha Masongsong,GREEN,Steve Kisby,183,,,,
Vancouver School District,Board of Education Trustee,Noosha Mehdian,Vancouver Liberals,Aleksandar Samardzija,183,,,,
Vancouver School District,Board of Education Trustee,Rob Nijjar,ABC Vancouver,Gord Schoberg,183,,,,
Vancouver School District,Board of Education Trustee,Kathryn Nystedt,TEAM,Douglas Johnstone,183,,,,
Vancouver School District,Board of Education Trustee,Derrick O'Keefe,COPE,Nate Stanley,183,,,,
Vancouver School District,Board of Education Trustee,Isabel Ochoa Prieto,Vancouver Liberals,Aleksandar Samardzija,183,,,,
Vancouver School District,Board of Education Trustee,Mandy Potter,Vote Vancouver,Tammy DeEllion,183,,,,
Vancouver School District,Board of Education Trustee,Christopher JK Richardson,,Christopher JK Richardson,184,,,,
Vancouver School District,Board of Education Trustee,Krista Sigurdson,OneCity,Natalie Cushing,184,,,,
Vancouver School District,Board of Education Trustee,Shirley Sio,ABC Vancouver,Gord Schoberg,184,,,,
Vancouver School District,Board of Education Trustee,Julie Strilesky,GREEN,Steve Kisby,184,,,,
Vancouver School District,Board of Education Trustee,Fenton Travers,TrueBlue Vancouver,Frederick Thiele,184,,,,
Vancouver School District,Board of Education Trustee,Lina Vargas,ABC Vancouver,Gord Schoberg,184,,,,
Vancouver School District,Board of Education Trustee,Jason Xu,TrueBlue Vancouver,Frederick Thiele,184,,,,
Vanderhoof,Councillor,Tom Bulmer,,Tom Bulmer,184,,,,
Vanderhoof,Councillor,Ross Coubrough,,Ross Coubrough,184,,,,
Vanderhoof,Councillor,Justin Donkin,,Justin Donkin,184,,,,
Vanderhoof,Councillor,George Funk,,George Funk,184,,,,
Vanderhoof,Councillor,Janina Johnston,,Janina Johnston,184,,,,
Vanderhoof,Councillor,Cyndi Lauze,,Cyndi Lauze,184,,,,
Vanderhoof,Councillor,Carlina Lyons,,Carlina Lyons,184,,,,
Vanderhoof,Councillor,Eric Lytle,,Eric Lytle,184,,,,
Vanderhoof,Councillor,Ernest Martens,,Ernest Martens,184,,,,
Vanderhoof,Councillor,Elaine Penner,,Elaine Penner,184,,,,
Vanderhoof,Councillor,Spencer Siemens,,Spencer Siemens,184,,,,
Vanderhoof,Councillor,Bill Teichroeb,,Bill Teichroeb,185,,,,
Vanderhoof,Councillor,David Van Dolah,,David Van Dolah,185,,,,
Vanderhoof,Councillor,Ken Young,,Ken Young,185,,,,
Vanderhoof,Mayor,Kevin Moutray,,Kevin Moutray,185,,,,
Vernon,Councillor,Wayne Carson,,John Truscott,185,,,,
Vernon,Councillor,Robert Cook,,Robert Cook,185,,,,
Vernon,Councillor,Barry Dorval,,Bruce Cummings,185,,,,
Vernon,Councillor,Teresa Durning,,Sattu Mahapatra,185,,,,
Vernon,Councillor,Kelly Fehr,,Kelly Fehr,185,,,,
Vernon,Councillor,Dustin Griffin,,Michael Isobe,185,,,,
Vernon,Councillor,Dauna Kennedy,,Kyle Britton,185,,,,
Vernon,Councillor,Amy Klassen,,Amy Klassen,185,,,,
Vernon,Councillor,Sarah Moorhouse,,Sarah Moorhouse,185,,,,
Vernon,Councillor,Akbal Mund,,Akbal Mund,185,,,,
Vernon,Councillor,Rob Sawatzky,,Rob Sawatzky,185,,,,
Vernon,Councillor,David Scarlatescu,,Paul Philps,185,,,,
Vernon,Councillor,Kari Statham,,Kari Statham,185,,,,
Vernon,Councillor,Dawn Tucker,,Dawn Tucker,185,,,,
Vernon,Councillor,Diana Wilson,,Sandra Callender,186,,,,
Vernon,Mayor,Victor Cumming,,Dave Smith,186,,,,
Vernon,Mayor,Kari Gares,,Jaydon Agar,186,,,,
Vernon,Mayor,Wayne Lippert,,Lydia Russ,186,,,,
Vernon,Mayor,Jerrod Stephenson (Withdrawn),,Jerrod Stephenson,186,,,,
Vernon School District,Board of Education Trustee,Geoff Bradley,,Geoff Bradley,186,,,,
Vernon School District,Board of Education Trustee,Jenn Comazzetto,,Jenn Comazzetto,186,,,,
Vernon School District,Board of Education Trustee,Lee Elliott,,Lee Elliott,186,,,,
Vernon School District,Board of Education Trustee,Stephanie Hoffman,,Stephanie Hoffman,186,,,,
Vernon School District,Board of Education Trustee,Robert Lee,,Robert Lee,186,,,,
Vernon School District,Board of Education Trustee,LorI Mindnich,,LorI Mindnich,186,,,,
Vernon School District,Board of Education Trustee,Vanessa Mitchell,,Robin Bristow,186,,,,
Vernon School District,Board of Education Trustee,Mark Olsen,,Mark Olsen,186,,,,
Vernon School District,Board of Education Trustee,Kelli Sullivan,,Todd Strilchuk,186,,,,
Vernon School District,Board of Education Trustee,Tom Williamson,,Tom Williamson,186,,,,
Victoria,Councillor,Wendy Bowkett,,Damon Pallan,186,,,,
Victoria,Councillor,Jeremy Caradonna,,Todd Lyons,186,,,,
Victoria,Councillor,Herb Collins,,Herb Collins,186,,,,
Victoria,Councillor,Melissa Cseszko,,Julian Cseszko,187,,,,
Victoria,Councillor,Matt Dell,,Ashley Ceraldi,187,,,,
Victoria,Councillor,Shona Dion,,Barbra Riggs,187,,,,
Victoria,Councillor,Steve Filipovic,,Steve Filipovic,187,,,,
Victoria,Councillor,Jerry Garcia,,Derrold Norgaard,187,,,,
Victoria,Councillor,Marg Gardiner,,Sandra Menzies,187,,,,
Victoria,Councillor,Peter Rose Gibbs,Victoria For All,Amelia Viaud,187,,,,
Victoria,Councillor,Martin Girard,,Martin Girard,187,,,,
Victoria,Councillor,Stephen Hammond,,Jane Burns,187,,,,
Victoria,Councillor,James Harasymow,,James Harasymow,187,,,,
Victoria,Councillor,Jason Heit,,Jason Heit,187,,,,
Victoria,Councillor,Susan Kim,Victoria For All,Amelia Viaud,187,,,,
Victoria,Councillor,Bella Lee,,Pierre-Paul Angelblazer,187,,,,
Victoria,Councillor,Krista Loughton,,Charlene Bart,187,,,,
Victoria,Councillor,Arthur McInnis,,Arthur McInnis,187,,,,
Victoria,Councillor,Karen Rothe,,Karen Rothe,187,,,,
Victoria,Councillor,Jack Sandor,,Adam Lee,187,,,,
Victoria,Councillor,Dave Thompson,,Galen Wilson,187,,,,
Victoria,Mayor,Marianne Alto,,Martha Juillerat,187,,,,
Victoria,Mayor,Lyall Atkinson,,Lyall Atkinson,188,,,,
Victoria,Mayor,Darren Gervais-Harrison,,David West,188,,,,
Victoria,Mayor,Christopher Hanna,,Christopher Hanna,188,,,,
Victoria,Mayor,Michael Harris,,Dianne Lyngard,188,,,,
Victoria,Mayor,David Johnston,,David Johnston,188,,,,
Victoria,Mayor,Bruce McGuigan,,David McGuigan,188,,,,
Victoria,Mayor,Gregoor Miller,,Gregoor Miller,188,,,,
View Royal,Councillor,Don Brown,,Don Brown,188,,,,
View Royal,Councillor,Sacha Christensen,,Sacha Christensen,188,,,,
View Royal,Councillor,Carolynne Clark,,Carolynne Clark,188,,,,
View Royal,Councillor,Spencer Dixon,,Jessie Fanucchi,188,,,,
View Royal,Councillor,Diane Fownes,,Diane Fownes,188,,,,
View Royal,Councillor,Cameron Harris,,Cameron Harris,188,,,,
View Royal,Councillor,Jay Josh,,Jay Josh,188,,,,
View Royal,Councillor,Gery Lemon,,Gery Lemon,188,,,,
View Royal,Councillor,Sean MacKenzie,,Sean MacKenzie,188,,,,
View Royal,Councillor,Owen Marshall,,Owen Marshall,188,,,,
View Royal,Councillor,Ron Mattson,,Ron Mattson,188,,,,
View Royal,Councillor,Amy McCooey,,Amy McCooey,189,,,,
View Royal,Councillor,Josh Peterson,,Josh Peterson,189,,,,
View Royal,Mayor,Anna Becker,,Ting Yin,189,,,,
View Royal,Mayor,Volker Dammann,,Volker Dammann,189,,,,
View Royal,Mayor,Teodora Kristof,,Teodora Kristof,189,,,,
View Royal,Mayor,Ryan Painter,,Derrold Norgaard,189,,,,
View Royal,Mayor,David Screech,,David Screech,189,,,,
Warfield,Councillor,Doug Bruce,,Doug Bruce,189,,,,
Warfield,Councillor,Erika Krest,,Erika Krest,189,,,,
Warfield,Councillor,Mandi Lunan,,Mandi Lunan,189,,,,
Warfield,Councillor,Ray Masleck,,Ray Masleck,189,,,,
Warfield,Councillor,Warren Mirko,,Warren Mirko,189,,,,
Warfield,Mayor,Frank Marino,,Frank Marino,189,,,,
Wells,Councillor,Eric Andersen,,Eric Andersen,189,,,,
Wells,Councillor,Molly Dehaan,,Molly Dehaan,189,,,,
Wells,Councillor,Miriam Dumitra,,Miriam Dumitra,189,,,,
Wells,Councillor,Brodey Lamarche,,Brodey Lamarche,189,,,,
Wells,Councillor,Kathleen Landry,,Kathleen Landry,189,,,,
Wells,Councillor,Joy Peters,,Joy Peters,189,,,,
Wells,Councillor,Elyssia Sasaki,,Elyssia Sasaki,190,,,,
Wells,Councillor,Mischele Stevens,,Mischele Stevens,190,,,,
Wells,Councillor,Josh Trotter-Wanner,,Josh Trotter-Wanner,190,,,,
Wells,Mayor,Jillian Merrick,,Jillian Merrick,190,,,,
Wells,Mayor,Rocky Nenka,,Elaine Stewart-Prince,190,,,,
West Kelowna,Councillor,Gary Buckberry,,Gary Buckberry,190,,,,
West Kelowna,Councillor,Justin Chapman,,Justin Chapman,190,,,,
West Kelowna,Councillor,Tasha Da Silva,,Tasha Da Silva,190,,,,
West Kelowna,Councillor,Rick de Jong,,Tracey de Jong,190,,,,
West Kelowna,Councillor,Bradley Dobbin,,Lisa Gallo,190,,,,
West Kelowna,Councillor,Ken Grant,,Ken Grant,190,,,,
West Kelowna,Councillor,Tom Groat,,Shirely Groat,190,,,,
West Kelowna,Councillor,Dane Landry,,Dane Landry,190,,,,
West Kelowna,Councillor,Beau Langevin,,Beau Langevin,190,,,,
West Kelowna,Councillor,Miranda McMullin,,Miranda McMullin,190,,,,
West Kelowna,Councillor,Garrett Millsap,,Garrett Millsap,190,,,,
West Kelowna,Councillor,Chris Moyer,,Chris Moyer,190,,,,
West Kelowna,Councillor,Carol Zanon,,Carl Zanon,190,,,,
West Kelowna,Mayor,Stephen Johnston,,Stephen Johnston,190,,,,
West Vancouver,Councillor,Earl Babich,,Earl Babich,191,,,,
West Vancouver,Councillor,Christine Cassidy,,Sandra Leidl,191,,,,
West Vancouver,Councillor,Alexis Chicoine,,Alexis Chicoine,191,,,,
West Vancouver,Councillor,Ben Hunter,,Ben Hunter,191,,,,
West Vancouver,Councillor,Sherry Keane,,James Keane,191,,,,
West Vancouver,Councillor,Lee Lau,,Serena Lo,191,,,,
West Vancouver,Councillor,Rebecca Lees,,Donald Eilers,191,,,,
West Vancouver,Councillor,Mahsoo Naderi,,Sara Eslami,191,,,,
West Vancouver,Councillor,Sylvia Olson,,Gregory Coombs,191,,,,
West Vancouver,Councillor,Annsabelle Pronych,,Annsabelle Pronych,191,,,,
West Vancouver,Councillor,Jay Sidhu,,Jas Purewal,191,,,,
West Vancouver,Councillor,Melinda Slater,,Melinda Slater,191,,,,
West Vancouver,Councillor,Scott Snider,,Scott Snider,191,,,,
West Vancouver,Councillor,Linda Watt,,Linda Watt,191,,,,
West Vancouver,Councillor,Tim Webb,,Tim Webb,191,,,,
West Vancouver,Councillor,Jaime Webbe,,Jaime Webbe,191,,,,
West Vancouver,Mayor,Kirk LaPointe,,Roger Flowerdew,191,,,,
West Vancouver,Mayor,Mark Sager,,Brock Stephenson,191,,,,
West Vancouver,Mayor,Joe Spears,,Joe Spears,192,,,,
West Vancouver,Mayor,Sharon Thompson,,Sofia Thompson,192,,,,
West Vancouver School District,Board of Education Trustee,John Calimente,,John Calimente,192,,,,
West Vancouver School District,Board of Education Trustee,Sheelah Donahue,,Sheelah Donahue,192,,,,
West Vancouver School District,Board of Education Trustee,Richard Loat,,Richard Loat,192,,,,
West Vancouver School District,Board of Education Trustee,Roman Nurpeissov,,Roman Nurpeissov,192,,,,
West Vancouver School District,Board of Education Trustee,John O'Flynn,,John O'Flynn,192,,,,
West Vancouver School District,Board of Education Trustee,Karen Straith,,Karen Straith,192,,,,
West Vancouver School District,Board of Education Trustee,Felicia Zhu,,Felicia Zhu,192,,,,
Whistler,Councillor,Nicole Baudisch,,Nicole Baudisch,192,,,,
Whistler,Councillor,Raul Bautista,,Raul Bautista,192,,,,
Whistler,Councillor,John Blok,,John Blok,192,,,,
Whistler,Councillor,Robin Brown,,Robin Brown,192,,,,
Whistler,Councillor,Michael Burnett,,Michael Burnett,192,,,,
Whistler,Councillor,Arthur De Jong,,Arthur De Jong,192,,,,
Whistler,Councillor,Jen Ford,,Jen Ford,192,,,,
Whistler,Councillor,Ralph Forsyth,,Ralph Forsyth,192,,,,
Whistler,Councillor,Tina James,,Tina James,192,,,,
Whistler,Councillor,Cathy Jewett,,Cathy Jewett,193,,,,
Whistler,Councillor,Jessie Morden,,Jessie Morden,193,,,,
Whistler,Councillor,Jeff Murl,,Jeff Murl,193,,,,
Whistler,Councillor,Ivan Otto,,Ivan Otto,193,,,,
Whistler,Councillor,Mandy Rousseau,,Mandy Rousseau,193,,,,
Whistler,Councillor,Claire Ruddy,,Claire Ruddy,193,,,,
Whistler,Councillor,Dawn Titus,,Dawn Titus,193,,,,
Whistler,Councillor,Eduardo Vazquez-vela,,Eduardo Vazquez-vela,193,,,,
Whistler,Mayor,Lance Bright,,Lance Bright,193,,,,
Whistler,Mayor,Jack Crompton,,Carolyn Crompton,193,,,,
Whistler,Mayor,Brandon Smith,,Brandon Smith,193,,,,
Whistler,Mayor,Marco Zunino,,Marco Zunino,193,,,,
White Rock,Councillor,Steven Bede,,Steven Bede,193,,,,
White Rock,Councillor,David Chesney,Together For White Rock,Gwenne Farrell,193,,,,
White Rock,Councillor,Elaine Cheung,,Elaine Cheung,193,,,,
White Rock,Councillor,Laura Cornale,Together For White Rock,Gwenne Ferrell,193,,,,
White Rock,Councillor,Tracey Ellis,,Monika Herzig,193,,,,
White Rock,Councillor,Conrad King,Together For White Rock,Gwenne Farrell,193,,,,
White Rock,Councillor,Scott Kristjanson,,Scott Kristjanson,194,,,,
White Rock,Councillor,Jacob-Spencer Lubberts,,Jacob-Spencer Lubberts,194,,,,
White Rock,Councillor,Fiona MacDermid,,Fiona MacDermid,194,,,,
White Rock,Councillor,Anthony Manning,Together For White Rock,Gwenne Farrell,194,,,,
White Rock,Councillor,Geoffrey Milne,,Geoffrey Milne,194,,,,
White Rock,Councillor,Raj Oberoi,,Raj Oberoi,194,,,,
White Rock,Councillor,Christopher Trevelyan,Together For White Rock,Gwenne Farrel,194,,,,
White Rock,Councillor,Phillip Warner,,Phillip Warner,194,,,,
White Rock,Mayor,Susan Bains,Together For White Rock,Gwenne Farrell,194,,,,
White Rock,Mayor,Megan Knight,,Glenn Parks,194,,,,
White Rock,Mayor,Chris Shields,,Inderjit Mann,194,,,,
Williams Lake,Councillor,Sheila Boehm,,Sheila Boehm,194,,,,
Williams Lake,Councillor,Paul French,,Paul French,194,,,,
Williams Lake,Councillor,Jared Gimbel,,Jared Gimbel,194,,,,
Williams Lake,Councillor,Charlene Hays,,Charlene Hays,194,,,,
Williams Lake,Councillor,Greg Jeannotte,,Greg Jeannotte,194,,,,
Williams Lake,Councillor,Ruth Lloyd,,Ruth Lloyd,194,,,,
Williams Lake,Councillor,Michael Moses,,Michael Moses,194,,,,
Williams Lake,Councillor,Scott Nelson,,Scott Nelson,195,,,,
Williams Lake,Councillor,Cianna O'Connor,,Cianna O'Connor,195,,,,
Williams Lake,Councillor,Jason Ryll,,Lisa Ryll,195,,,,
Williams Lake,Councillor,Rafiullah Sahibzada,,Rafiullah Sahibzada,195,,,,
Williams Lake,Councillor,Billie Sheridan,,Crystal Sheridan,195,,,,
Williams Lake,Councillor,Whitney Spearing,,Whitney Spearing,195,,,,
Williams Lake,Councillor,Nathan Wiebe,,Nathan Wiebe,195,,,,
Williams Lake,Councillor,Kayla Zaryk,,Kayla Zaryk,195,,,,
Williams Lake,Mayor,Walt Cobb,,Walt Cobb,195,,,,
Williams Lake,Mayor,Surinderpal Rathor,,Bradley Huston,195,,,,
Zeballos,Councillor,Kirsten Aubrey,,Kirsten Aubrey,195,,,,
Zeballos,Councillor,Donnie Cox,,Donnie Cox,195,,,,
Zeballos,Councillor,Michael Fry,,Michael Fry,195,,,,
Zeballos,Councillor,Justin Janisse,,Justin Janisse,195,,,,
Zeballos,Councillor,Robert John,,Robert John,195,,,,
Zeballos,Councillor,Barb Lewis,,Barb Lewis,195,,,,
Zeballos,Mayor,Bob Berthelotte,,Bob Berthelotte,195,,,,
Zeballos,Mayor,Ronald Deck,,Ronald Deck,195,,,,
